{"id-18036":{"title":"Artist","id":18036,"publish-date":1514381521,"featured-image-url":"https:\/\/websitedemos.net\/wp-content\/uploads\/2019\/07\/artist-01-homepage.jpg","thumbnail-image-url":"https:\/\/websitedemos.net\/wp-content\/uploads\/2019\/07\/artist-01-homepage.jpg","fullpage-thumbnail-image-url":"https:\/\/websitedemos.net\/wp-content\/uploads\/2019\/07\/artist-01-homepage.jpg","astra-site-url":"\/\/websitedemos.net\/artist-01","astra-site-parent-id":146,"astra-sites-tag":{"597":"art","339":"artist","595":"exhibition","614":"painter","861":"paintings","967":"product-store","733":"shop","966":"woo-commerce"},"astra-sites-type":"free","astra-site-category":{"38":"ecommerce","39":"free"},"astra-sites-template-category":[],"astra-site-page-builder":"beaver-builder","categories":{"2488":"portfolio"},"required-plugins":[{"slug":"beaver-builder-lite-version","init":"beaver-builder-lite-version\/fl-builder.php","name":"Beaver Builder Plugin (Lite Version)"},{"slug":"ultimate-addons-for-beaver-builder-lite","init":"ultimate-addons-for-beaver-builder-lite\/bb-ultimate-addon.php","name":"Ultimate Addons for Beaver Builder - Lite"},{"slug":"woocommerce","init":"woocommerce\/woocommerce.php","name":"WooCommerce"},{"slug":"woo-cart-abandonment-recovery","init":"woo-cart-abandonment-recovery\/woo-cart-abandonment-recovery.php","name":"WooCommerce Cart Abandonment Recovery"}],"post-status":"publish","post-content":"","post-excerpt":"","pages":{"id-23392":{"title":"Home","featured-image-url":"https:\/\/websitedemos.net\/wp-content\/uploads\/2019\/07\/artist-01-homepage.jpg","thumbnail-image-url":"https:\/\/websitedemos.net\/wp-content\/uploads\/2019\/07\/artist-01-homepage.jpg","astra-page-api-url":"https:\/\/websitedemos.net\/artist-01\/wp-json\/wp\/v2\/pages\/9","dynamic-page":"yes","astra-page-url":"\/\/websitedemos.net\/artist-01\/","astra-sites-tag":{"423":"home"},"site-pages-type":"free","site-pages-page-builder":"beaver-builder","site-pages-category":[],"site-pages-parent-category":{"64":"ecommerce","61":"free"},"required-plugins":[{"slug":"beaver-builder-lite-version","init":"beaver-builder-lite-version\/fl-builder.php","name":"Beaver Builder Plugin (Lite Version)"},{"slug":"ultimate-addons-for-beaver-builder-lite","init":"ultimate-addons-for-beaver-builder-lite\/bb-ultimate-addon.php","name":"Ultimate Addons for Beaver Builder - Lite"}]},"id-23389":{"title":"About Me","featured-image-url":"https:\/\/websitedemos.net\/wp-content\/uploads\/2019\/07\/artist-01-about.jpg","thumbnail-image-url":"https:\/\/websitedemos.net\/wp-content\/uploads\/2019\/07\/artist-01-about.jpg","astra-page-api-url":"https:\/\/websitedemos.net\/artist-01\/wp-json\/wp\/v2\/pages\/10","dynamic-page":"no","astra-page-url":"\/\/websitedemos.net\/artist-01\/about-me\/","astra-sites-tag":{"352":"about"},"site-pages-type":"free","site-pages-page-builder":"beaver-builder","site-pages-category":[],"site-pages-parent-category":{"64":"ecommerce","61":"free"},"required-plugins":[{"slug":"beaver-builder-lite-version","init":"beaver-builder-lite-version\/fl-builder.php","name":"Beaver Builder Plugin (Lite Version)"},{"slug":"ultimate-addons-for-beaver-builder-lite","init":"ultimate-addons-for-beaver-builder-lite\/bb-ultimate-addon.php","name":"Ultimate Addons for Beaver Builder - Lite"}]},"id-23391":{"title":"Contact","featured-image-url":"https:\/\/websitedemos.net\/wp-content\/uploads\/2019\/07\/artist-01-contact.jpg","thumbnail-image-url":"https:\/\/websitedemos.net\/wp-content\/uploads\/2019\/07\/artist-01-contact.jpg","astra-page-api-url":"https:\/\/websitedemos.net\/artist-01\/wp-json\/wp\/v2\/pages\/12","dynamic-page":"yes","astra-page-url":"\/\/websitedemos.net\/artist-01\/contact\/","astra-sites-tag":{"415":"contact"},"site-pages-type":"free","site-pages-page-builder":"beaver-builder","site-pages-category":[],"site-pages-parent-category":{"64":"ecommerce","61":"free"},"required-plugins":[{"slug":"beaver-builder-lite-version","init":"beaver-builder-lite-version\/fl-builder.php","name":"Beaver Builder Plugin (Lite Version)"},{"slug":"ultimate-addons-for-beaver-builder-lite","init":"ultimate-addons-for-beaver-builder-lite\/bb-ultimate-addon.php","name":"Ultimate Addons for Beaver Builder - Lite"}]}},"related-bb-template":"","related-elementor-template":"","related-gutenberg-template":"","related_ecommerce_template":"","ecommerce_parent_template":""},"id-17985":{"title":"Freelance Artist","id":17985,"publish-date":1513833063,"featured-image-url":"https:\/\/websitedemos.net\/wp-content\/uploads\/2019\/10\/artist-christine-home-page.jpg","thumbnail-image-url":"https:\/\/websitedemos.net\/wp-content\/uploads\/2019\/10\/artist-christine-home-page.jpg","fullpage-thumbnail-image-url":"https:\/\/websitedemos.net\/wp-content\/uploads\/2019\/10\/artist-christine-home-page.jpg","astra-site-url":"\/\/websitedemos.net\/artist-02","astra-site-parent-id":144,"astra-sites-tag":{"597":"art","339":"artist","496":"ecommerce","3416":"elementor","595":"exhibition","614":"painter","1020":"personal","967":"product-store","966":"woo-commerce","1024":"woocommerce"},"astra-sites-type":"free","astra-site-category":{"38":"ecommerce","39":"free"},"astra-sites-template-category":{"2802":"artist","2769":"ecommerce","2810":"freelance","2770":"personal"},"astra-site-page-builder":"elementor","categories":{"3427":"default","3428":"free","2488":"portfolio"},"required-plugins":[{"slug":"elementor","init":"elementor\/elementor.php","name":"Elementor"},{"slug":"woocommerce","init":"woocommerce\/woocommerce.php","name":"WooCommerce"},{"slug":"woo-cart-abandonment-recovery","init":"woo-cart-abandonment-recovery\/woo-cart-abandonment-recovery.php","name":"WooCommerce Cart Abandonment Recovery"}],"post-status":"publish","post-content":"<!-- wp:paragraph -->\n<p>The Freelance Artist template is instantly engaging. The hero section on the homepage can include an image of you at work to set the scene, along with a short introduction to orient the visitor and engage them.<\/p>\n<!-- \/wp:paragraph -->\n\n<!-- wp:paragraph -->\n<p>The rest of the page, and the template, uses minimal design with lots of places to add content, showcase your work in a portfolio, add calls to action and even sell your work online. It\u2019s a complete website template all ready to go!<\/p>\n<!-- \/wp:paragraph -->\n\n<!-- wp:heading -->\n<h2>Key features of the Freelance Artist template<\/h2>\n<!-- \/wp:heading -->\n\n<!-- wp:list -->\n<ul><li>Hero section on homepage is very engaging<\/li><li>Use of strong color and minimalist design makes a statement<\/li><li>Lots of places to add content<\/li><li>Can be used with WooCommerce to sell your work online<\/li><li>Full compatibility with drag and drop page builders<\/li><\/ul>\n<!-- \/wp:list -->","post-excerpt":"Imaginative template ideal for artists and other creatives to showcase their work","pages":{"id-34089":{"title":"Home","featured-image-url":"https:\/\/websitedemos.net\/wp-content\/uploads\/2019\/10\/artist-christine-home-page.jpg","thumbnail-image-url":"https:\/\/websitedemos.net\/wp-content\/uploads\/2019\/10\/artist-christine-home-page.jpg","astra-page-api-url":"https:\/\/websitedemos.net\/artist-02\/wp-json\/wp\/v2\/pages\/9","dynamic-page":"yes","astra-page-url":"\/\/websitedemos.net\/artist-02\/","astra-sites-tag":{"423":"home"},"site-pages-type":"free","site-pages-page-builder":"elementor","site-pages-category":[],"site-pages-parent-category":{"64":"ecommerce","61":"free"},"required-plugins":[{"slug":"elementor","init":"elementor\/elementor.php","name":"Elementor"},{"slug":"woocommerce","init":"woocommerce\/woocommerce.php","name":"WooCommerce"},{"slug":"woo-cart-abandonment-recovery","init":"woo-cart-abandonment-recovery\/woo-cart-abandonment-recovery.php","name":"WooCommerce Cart Abandonment Recovery"}]},"id-23371":{"title":"About Me","featured-image-url":"https:\/\/websitedemos.net\/wp-content\/uploads\/2019\/07\/artist-christine-about.jpg","thumbnail-image-url":"https:\/\/websitedemos.net\/wp-content\/uploads\/2019\/07\/artist-christine-about.jpg","astra-page-api-url":"https:\/\/websitedemos.net\/artist-02\/wp-json\/wp\/v2\/pages\/10","dynamic-page":"no","astra-page-url":"\/\/websitedemos.net\/artist-02\/about-me\/","astra-sites-tag":{"352":"about"},"site-pages-type":"free","site-pages-page-builder":"elementor","site-pages-category":[],"site-pages-parent-category":{"64":"ecommerce","61":"free"},"required-plugins":[{"slug":"elementor","init":"elementor\/elementor.php","name":"Elementor"}]},"id-23373":{"title":"Contact","featured-image-url":"https:\/\/websitedemos.net\/wp-content\/uploads\/2019\/07\/artist-christine-contact.jpg","thumbnail-image-url":"https:\/\/websitedemos.net\/wp-content\/uploads\/2019\/07\/artist-christine-contact.jpg","astra-page-api-url":"https:\/\/websitedemos.net\/artist-02\/wp-json\/wp\/v2\/pages\/12","dynamic-page":"yes","astra-page-url":"\/\/websitedemos.net\/artist-02\/contact\/","astra-sites-tag":{"415":"contact"},"site-pages-type":"free","site-pages-page-builder":"elementor","site-pages-category":[],"site-pages-parent-category":{"64":"ecommerce","61":"free"},"required-plugins":[{"slug":"elementor","init":"elementor\/elementor.php","name":"Elementor"}]}},"related-bb-template":"","related-elementor-template":"","related-gutenberg-template":"","related_ecommerce_template":"","ecommerce_parent_template":""},"id-17931":{"title":"Home Decor","id":17931,"publish-date":1511864213,"featured-image-url":"https:\/\/websitedemos.net\/wp-content\/uploads\/2017\/11\/blog-04-homepage.jpg","thumbnail-image-url":"https:\/\/websitedemos.net\/wp-content\/uploads\/2017\/11\/blog-04-homepage.jpg","fullpage-thumbnail-image-url":"https:\/\/websitedemos.net\/wp-content\/uploads\/2017\/11\/blog-04-homepage.jpg","astra-site-url":"\/\/websitedemos.net\/blog-04","astra-site-parent-id":233,"astra-sites-tag":{"480":"blog","863":"decor-blog","862":"home-decor","434":"interior-design","864":"interior-design-blogs"},"astra-sites-type":"agency-mini","astra-site-category":{"37":"blog"},"astra-sites-template-category":[],"astra-site-page-builder":"beaver-builder","categories":{"2484":"real-estate"},"required-plugins":[{"slug":"astra-addon","init":"astra-addon\/astra-addon.php","name":"Astra Pro"},{"slug":"recent-posts-widget-with-thumbnails","init":"recent-posts-widget-with-thumbnails\/recent-posts-widget-with-thumbnails.php","name":"Recent Posts Widget With Thumbnails"},{"slug":"beaver-builder-lite-version","init":"beaver-builder-lite-version\/fl-builder.php","name":"Beaver Builder Plugin (Lite Version)"},{"slug":"bb-ultimate-addon","init":"bb-ultimate-addon\/bb-ultimate-addon.php","name":"Ultimate Addons for Beaver Builder"}],"post-status":"publish","post-content":"","post-excerpt":"","pages":{"id-24482":{"title":"About","featured-image-url":"https:\/\/websitedemos.net\/wp-content\/uploads\/2019\/07\/blog-04-about-1.jpg","thumbnail-image-url":"https:\/\/websitedemos.net\/wp-content\/uploads\/2019\/07\/blog-04-about-1.jpg","astra-page-api-url":"https:\/\/websitedemos.net\/blog-04\/wp-json\/wp\/v2\/pages\/1884","dynamic-page":"no","astra-page-url":"\/\/websitedemos.net\/blog-04\/about\/","astra-sites-tag":{"352":"about"},"site-pages-type":"agency-mini","site-pages-page-builder":"beaver-builder","site-pages-category":[],"site-pages-parent-category":{"74":"blog"},"required-plugins":[{"slug":"beaver-builder-lite-version","init":"beaver-builder-lite-version\/fl-builder.php","name":"Beaver Builder Plugin (Lite Version)"},{"slug":"bb-ultimate-addon","init":"bb-ultimate-addon\/bb-ultimate-addon.php","name":"Ultimate Addons for Beaver Builder"}]},"id-24483":{"title":"Contact","featured-image-url":"https:\/\/websitedemos.net\/wp-content\/uploads\/2019\/07\/blog-04-contact.jpg","thumbnail-image-url":"https:\/\/websitedemos.net\/wp-content\/uploads\/2019\/07\/id-24483-home-decor-contact-resize.jpg","astra-page-api-url":"https:\/\/websitedemos.net\/blog-04\/wp-json\/wp\/v2\/pages\/1821","dynamic-page":"no","astra-page-url":"\/\/websitedemos.net\/blog-04\/contact\/","astra-sites-tag":{"415":"contact"},"site-pages-type":"agency-mini","site-pages-page-builder":"beaver-builder","site-pages-category":[],"site-pages-parent-category":{"74":"blog"},"required-plugins":[{"slug":"beaver-builder-lite-version","init":"beaver-builder-lite-version\/fl-builder.php","name":"Beaver Builder Plugin (Lite Version)"},{"slug":"bb-ultimate-addon","init":"bb-ultimate-addon\/bb-ultimate-addon.php","name":"Ultimate Addons for Beaver Builder"}]}},"related-bb-template":"","related-elementor-template":"","related-gutenberg-template":"","related_ecommerce_template":"","ecommerce_parent_template":""},"id-17911":{"title":"Home Decor","id":17911,"publish-date":1511529926,"featured-image-url":"https:\/\/websitedemos.net\/wp-content\/uploads\/2017\/11\/blog-02-1.jpg","thumbnail-image-url":"https:\/\/websitedemos.net\/wp-content\/uploads\/2017\/11\/blog-02-1.jpg","fullpage-thumbnail-image-url":"https:\/\/websitedemos.net\/wp-content\/uploads\/2017\/11\/blog-02-1.jpg","astra-site-url":"\/\/websitedemos.net\/blog-02","astra-site-parent-id":255,"astra-sites-tag":{"435":"architecture","480":"blog","436":"interior","434":"interior-design","422":"landscaping"},"astra-sites-type":"agency-mini","astra-site-category":{"37":"blog"},"astra-sites-template-category":{"2795":"architecture","2828":"blog","2793":"interior-design"},"astra-site-page-builder":"elementor","categories":{"3427":"default","3429":"premium","2484":"real-estate"},"required-plugins":[{"slug":"astra-addon","init":"astra-addon\/astra-addon.php","name":"Astra Pro"},{"slug":"elementor","init":"elementor\/elementor.php","name":"Elementor"},{"slug":"recent-posts-widget-with-thumbnails","init":"recent-posts-widget-with-thumbnails\/recent-posts-widget-with-thumbnails.php","name":"Recent Posts Widget With Thumbnails"}],"post-status":"publish","post-content":"<!-- wp:paragraph -->\n<p>The Home D\u00e9cor template has a stark, crisp appearance that screams modernity from the off. Sans serif fonts, dark and light areas and a bold contrast color are only the beginning.<\/p>\n<!-- \/wp:paragraph -->\n\n<!-- wp:paragraph -->\n<p>This template would work well for furniture bloggers, interior decorators and anyone that could use bold design and the opportunity to show off their images and blog posts within an attractive website.<\/p>\n<!-- \/wp:paragraph -->\n\n<!-- wp:heading -->\n<h2>Key features of the Home Decor template<\/h2>\n<!-- \/wp:heading -->\n\n<!-- wp:list -->\n<ul><li>Contemporary blog design with dark and light colors<\/li><li>Bold contrast color makes buttons and calls to action stand out<\/li><li>Minimalist design allows your posts to stand proud<\/li><li>Includes most functions you would expect from a blog built in<\/li><li>Full compatibility with drag and drop page builders<\/li><\/ul>\n<!-- \/wp:list -->","post-excerpt":"Bold modern blog theme that\u2019s ideal for any niche including homes and lifestyles","pages":{"id-24664":{"title":"About","featured-image-url":"https:\/\/websitedemos.net\/wp-content\/uploads\/2019\/07\/blog-02-about.jpg","thumbnail-image-url":"https:\/\/websitedemos.net\/wp-content\/uploads\/2019\/07\/blog-02-about.jpg","astra-page-api-url":"https:\/\/websitedemos.net\/blog-02\/wp-json\/wp\/v2\/pages\/1884","dynamic-page":"no","astra-page-url":"\/\/websitedemos.net\/blog-02\/about\/","astra-sites-tag":{"352":"about"},"site-pages-type":"agency-mini","site-pages-page-builder":"elementor","site-pages-category":[],"site-pages-parent-category":{"74":"blog"},"required-plugins":[{"slug":"astra-addon","init":"astra-addon\/astra-addon.php","name":"Astra Pro"},{"slug":"elementor","init":"elementor\/elementor.php","name":"Elementor"}]},"id-24666":{"title":"Contact","featured-image-url":"https:\/\/websitedemos.net\/wp-content\/uploads\/2019\/07\/blog-02-contact.jpg","thumbnail-image-url":"https:\/\/websitedemos.net\/wp-content\/uploads\/2019\/07\/blog-02-contact.jpg","astra-page-api-url":"https:\/\/websitedemos.net\/blog-02\/wp-json\/wp\/v2\/pages\/1821","dynamic-page":"no","astra-page-url":"\/\/websitedemos.net\/blog-02\/contact\/","astra-sites-tag":{"415":"contact"},"site-pages-type":"agency-mini","site-pages-page-builder":"elementor","site-pages-category":[],"site-pages-parent-category":{"74":"blog"},"required-plugins":[{"slug":"astra-addon","init":"astra-addon\/astra-addon.php","name":"Astra Pro"},{"slug":"elementor","init":"elementor\/elementor.php","name":"Elementor"}]}},"related-bb-template":17931,"related-elementor-template":17911,"related-gutenberg-template":"","related_ecommerce_template":"","ecommerce_parent_template":""},"id-17697":{"title":"Spa","id":17697,"publish-date":1509615020,"featured-image-url":"https:\/\/websitedemos.net\/wp-content\/uploads\/2019\/07\/lotus-spa-04-homepage.jpg","thumbnail-image-url":"https:\/\/websitedemos.net\/wp-content\/uploads\/2019\/07\/lotus-spa-04-homepage.jpg","fullpage-thumbnail-image-url":"https:\/\/websitedemos.net\/wp-content\/uploads\/2019\/07\/lotus-spa-04-homepage.jpg","astra-site-url":"\/\/websitedemos.net\/lotus-spa-04","astra-site-parent-id":188,"astra-sites-tag":{"532":"acupressure","1023":"beauty","3416":"elementor","474":"grooming","528":"massage","527":"massage-therapist","529":"physiotherapy","1844":"premium","531":"reflexology","533":"relaxation","650":"salon","651":"skincare","530":"spa"},"astra-sites-type":"agency-mini","astra-site-category":{"27":"business"},"astra-sites-template-category":{"2790":"beauty-fashion","2821":"feminine-girly","2822":"massage-therapy","2856":"spa"},"astra-site-page-builder":"elementor","categories":{"2479":"beauty","3427":"default","3429":"premium"},"required-plugins":[{"slug":"elementor","init":"elementor\/elementor.php","name":"Elementor"},{"slug":"ultimate-elementor","init":"ultimate-elementor\/ultimate-elementor.php","name":"Ultimate Addons for Elementor"},{"slug":"wpforms-lite","init":"wpforms-lite\/wpforms.php","name":"WPForms Lite"}],"post-status":"publish","post-content":"<!-- wp:paragraph -->\n<p>The Spa website template has a relaxed vibe ideal for the industry. It uses comfortable colors, reassuring fonts and images and helps create that caring feel the industry is well known for.<\/p>\n<!-- \/wp:paragraph -->\n\n<!-- wp:paragraph -->\n<p>The design includes lots of opportunities to add products and services, testimonials, price lists and booking features. It\u2019s the only template you need to create an online presence for your spa or treatment business.<\/p>\n<!-- \/wp:paragraph -->\n\n<!-- wp:heading {\"UAGDay\":[]} -->\n<h2 class=\"wp-block-heading\">Key features of the Spa template<\/h2>\n<!-- \/wp:heading -->\n\n<!-- wp:list -->\n<ul><!-- wp:list-item -->\n<li>Professional layout with calming design<\/li>\n<!-- \/wp:list-item -->\n\n<!-- wp:list-item -->\n<li>Balanced colors and fonts<\/li>\n<!-- \/wp:list-item -->\n\n<!-- wp:list-item -->\n<li>Lots of content areas for products and services<\/li>\n<!-- \/wp:list-item -->\n\n<!-- wp:list-item -->\n<li>Can integrate with booking plugins<\/li>\n<!-- \/wp:list-item -->\n\n<!-- wp:list-item -->\n<li>Full compatibility with drag and drop page builders<\/li>\n<!-- \/wp:list-item --><\/ul>\n<!-- \/wp:list -->","post-excerpt":"Calm, inviting web design designed especially for spas, salons and beauty businesses","pages":{"id-23888":{"title":"Home","featured-image-url":"https:\/\/websitedemos.net\/wp-content\/uploads\/2019\/07\/lotus-spa-04-homepage.jpg","thumbnail-image-url":"https:\/\/websitedemos.net\/wp-content\/uploads\/2019\/07\/lotus-spa-04-homepage.jpg","astra-page-api-url":"https:\/\/websitedemos.net\/lotus-spa-04\/wp-json\/wp\/v2\/pages\/2202","dynamic-page":"no","astra-page-url":"\/\/websitedemos.net\/lotus-spa-04\/","astra-sites-tag":{"423":"home"},"site-pages-type":"agency-mini","site-pages-page-builder":"elementor","site-pages-category":[],"site-pages-parent-category":{"60":"business"},"required-plugins":[{"slug":"elementor","init":"elementor\/elementor.php","name":"Elementor"},{"slug":"ultimate-elementor","init":"ultimate-elementor\/ultimate-elementor.php","name":"Ultimate Addons for Elementor"},{"slug":"wpforms-lite","init":"wpforms-lite\/wpforms.php","name":"WPForms Lite"}]},"id-23885":{"title":"About","featured-image-url":"https:\/\/websitedemos.net\/wp-content\/uploads\/2019\/07\/lotus-spa-04-about-1.jpg","thumbnail-image-url":"https:\/\/websitedemos.net\/wp-content\/uploads\/2019\/07\/lotus-spa-04-about-1.jpg","astra-page-api-url":"https:\/\/websitedemos.net\/lotus-spa-04\/wp-json\/wp\/v2\/pages\/2208","dynamic-page":"no","astra-page-url":"\/\/websitedemos.net\/lotus-spa-04\/about\/","astra-sites-tag":{"352":"about"},"site-pages-type":"agency-mini","site-pages-page-builder":"elementor","site-pages-category":[],"site-pages-parent-category":{"60":"business"},"required-plugins":[{"slug":"elementor","init":"elementor\/elementor.php","name":"Elementor"},{"slug":"ultimate-elementor","init":"ultimate-elementor\/ultimate-elementor.php","name":"Ultimate Addons for Elementor"}]},"id-23889":{"title":"Services","featured-image-url":"https:\/\/websitedemos.net\/wp-content\/uploads\/2019\/07\/lotus-spa-04-services-1.jpg","thumbnail-image-url":"https:\/\/websitedemos.net\/wp-content\/uploads\/2019\/07\/lotus-spa-04-services-1.jpg","astra-page-api-url":"https:\/\/websitedemos.net\/lotus-spa-04\/wp-json\/wp\/v2\/pages\/2210","dynamic-page":"no","astra-page-url":"\/\/websitedemos.net\/lotus-spa-04\/services\/","astra-sites-tag":{"425":"services"},"site-pages-type":"agency-mini","site-pages-page-builder":"elementor","site-pages-category":[],"site-pages-parent-category":{"60":"business"},"required-plugins":[{"slug":"elementor","init":"elementor\/elementor.php","name":"Elementor"},{"slug":"ultimate-elementor","init":"ultimate-elementor\/ultimate-elementor.php","name":"Ultimate Addons for Elementor"},{"slug":"wpforms-lite","init":"wpforms-lite\/wpforms.php","name":"WPForms Lite"}]},"id-23887":{"title":"Contact","featured-image-url":"https:\/\/websitedemos.net\/wp-content\/uploads\/2019\/07\/lotus-spa-04-contact-1.jpg","thumbnail-image-url":"https:\/\/websitedemos.net\/wp-content\/uploads\/2019\/07\/lotus-spa-04-contact-1.jpg","astra-page-api-url":"https:\/\/websitedemos.net\/lotus-spa-04\/wp-json\/wp\/v2\/pages\/2449","dynamic-page":"no","astra-page-url":"\/\/websitedemos.net\/lotus-spa-04\/contact\/","astra-sites-tag":{"415":"contact"},"site-pages-type":"agency-mini","site-pages-page-builder":"elementor","site-pages-category":[],"site-pages-parent-category":{"60":"business"},"required-plugins":[{"slug":"elementor","init":"elementor\/elementor.php","name":"Elementor"},{"slug":"ultimate-elementor","init":"ultimate-elementor\/ultimate-elementor.php","name":"Ultimate Addons for Elementor"},{"slug":"wpforms-lite","init":"wpforms-lite\/wpforms.php","name":"WPForms Lite"}]}},"related-bb-template":17562,"related-elementor-template":17697,"related-gutenberg-template":"","related_ecommerce_template":"","ecommerce_parent_template":""},"id-17702":{"title":"Agency","id":17702,"publish-date":1509463383,"featured-image-url":"https:\/\/websitedemos.net\/wp-content\/uploads\/2019\/07\/agency-04-homepage.jpg","thumbnail-image-url":"https:\/\/websitedemos.net\/wp-content\/uploads\/2019\/07\/agency-04-homepage.jpg","fullpage-thumbnail-image-url":"https:\/\/websitedemos.net\/wp-content\/uploads\/2019\/07\/agency-04-homepage.jpg","astra-site-url":"\/\/websitedemos.net\/agency-04","astra-site-parent-id":213,"astra-sites-tag":{"663":"agency","979":"company","664":"digital-services","3416":"elementor","812":"office","1844":"premium","665":"service-agency","661":"website"},"astra-sites-type":"agency-mini","astra-site-category":{"27":"business"},"astra-sites-template-category":{"2777":"business","2812":"digital-agency","2768":"portfolio","2831":"service"},"astra-site-page-builder":"elementor","categories":{"2487":"agency","3427":"default","3429":"premium"},"required-plugins":[{"slug":"elementor","init":"elementor\/elementor.php","name":"Elementor"},{"slug":"wpforms-lite","init":"wpforms-lite\/wpforms.php","name":"WPForms Lite"},{"slug":"astra-addon","init":"astra-addon\/astra-addon.php","name":"Astra Pro"}],"post-status":"publish","post-content":"<!-- wp:paragraph -->\n<p>The Agency template has been configured for web design agencies but could easily be tweaked for any type of digital agency. It\u2019s colorful, calming and inspires confidence, which should help conversion.<\/p>\n<!-- \/wp:paragraph -->\n\n<!-- wp:paragraph -->\n<p>Pages are nicely balanced with a good mix of whitespace and content areas. A range of product and service sections combine to deliver the information visitors need and a reason for them to engage.<\/p>\n<!-- \/wp:paragraph -->\n\n<!-- wp:heading -->\n<h2>Key features of the Agency template<\/h2>\n<!-- \/wp:heading -->\n\n<!-- wp:list -->\n<ul><li>Calm, collected website design<\/li><li>Great use of colors and fonts<\/li><li>Nicely balanced pages with everything a visitor would need<\/li><li>Additional pages are also ideal for agencies<\/li><li>Full compatibility with drag and drop page builders<\/li><\/ul>\n<!-- \/wp:list -->","post-excerpt":"Clean modern website designed for digital agencies of all kinds to tell their story","pages":{"id-24173":{"title":"Home","featured-image-url":"https:\/\/websitedemos.net\/wp-content\/uploads\/2019\/07\/agency-04-homepage.jpg","thumbnail-image-url":"https:\/\/websitedemos.net\/wp-content\/uploads\/2019\/07\/agency-04-homepage.jpg","astra-page-api-url":"https:\/\/websitedemos.net\/agency-04\/wp-json\/wp\/v2\/pages\/2","dynamic-page":"no","astra-page-url":"\/\/websitedemos.net\/agency-04\/","astra-sites-tag":{"423":"home"},"site-pages-type":"agency-mini","site-pages-page-builder":"elementor","site-pages-category":[],"site-pages-parent-category":{"60":"business"},"required-plugins":[{"slug":"astra-addon","init":"astra-addon\/astra-addon.php","name":"Astra Pro"},{"slug":"elementor","init":"elementor\/elementor.php","name":"Elementor"}]},"id-24170":{"title":"About","featured-image-url":"https:\/\/websitedemos.net\/wp-content\/uploads\/2019\/07\/agency-04-about-1.jpg","thumbnail-image-url":"https:\/\/websitedemos.net\/wp-content\/uploads\/2019\/07\/agency-04-about-1.jpg","astra-page-api-url":"https:\/\/websitedemos.net\/agency-04\/wp-json\/wp\/v2\/pages\/62","dynamic-page":"no","astra-page-url":"\/\/websitedemos.net\/agency-04\/about\/","astra-sites-tag":{"352":"about"},"site-pages-type":"agency-mini","site-pages-page-builder":"elementor","site-pages-category":[],"site-pages-parent-category":{"60":"business"},"required-plugins":[{"slug":"astra-addon","init":"astra-addon\/astra-addon.php","name":"Astra Pro"},{"slug":"elementor","init":"elementor\/elementor.php","name":"Elementor"}]},"id-24178":{"title":"Websites","featured-image-url":"https:\/\/websitedemos.net\/wp-content\/uploads\/2019\/07\/agency-04-websites-1.jpg","thumbnail-image-url":"https:\/\/websitedemos.net\/wp-content\/uploads\/2019\/07\/agency-04-websites-1.jpg","astra-page-api-url":"https:\/\/websitedemos.net\/agency-04\/wp-json\/wp\/v2\/pages\/97","dynamic-page":"no","astra-page-url":"\/\/websitedemos.net\/agency-04\/websites\/","astra-sites-tag":{"661":"website"},"site-pages-type":"agency-mini","site-pages-page-builder":"elementor","site-pages-category":[],"site-pages-parent-category":{"60":"business"},"required-plugins":[{"slug":"astra-addon","init":"astra-addon\/astra-addon.php","name":"Astra Pro"},{"slug":"elementor","init":"elementor\/elementor.php","name":"Elementor"}]},"id-24176":{"title":"Support","featured-image-url":"https:\/\/websitedemos.net\/wp-content\/uploads\/2019\/07\/agency-04-support-1.jpg","thumbnail-image-url":"https:\/\/websitedemos.net\/wp-content\/uploads\/2019\/07\/agency-04-support-1.jpg","astra-page-api-url":"https:\/\/websitedemos.net\/agency-04\/wp-json\/wp\/v2\/pages\/112","dynamic-page":"no","astra-page-url":"\/\/websitedemos.net\/agency-04\/support\/","astra-sites-tag":{"765":"support"},"site-pages-type":"agency-mini","site-pages-page-builder":"elementor","site-pages-category":[],"site-pages-parent-category":{"60":"business"},"required-plugins":[{"slug":"astra-addon","init":"astra-addon\/astra-addon.php","name":"Astra Pro"},{"slug":"elementor","init":"elementor\/elementor.php","name":"Elementor"}]},"id-24175":{"title":"Pricing","featured-image-url":"https:\/\/websitedemos.net\/wp-content\/uploads\/2019\/07\/agency-04-pricing.jpg","thumbnail-image-url":"https:\/\/websitedemos.net\/wp-content\/uploads\/2019\/07\/agency-04-pricing.jpg","astra-page-api-url":"https:\/\/websitedemos.net\/agency-04\/wp-json\/wp\/v2\/pages\/132","dynamic-page":"no","astra-page-url":"\/\/websitedemos.net\/agency-04\/pricing\/","astra-sites-tag":{"585":"pricing"},"site-pages-type":"agency-mini","site-pages-page-builder":"elementor","site-pages-category":[],"site-pages-parent-category":{"60":"business"},"required-plugins":[{"slug":"astra-addon","init":"astra-addon\/astra-addon.php","name":"Astra Pro"},{"slug":"elementor","init":"elementor\/elementor.php","name":"Elementor"}]},"id-24172":{"title":"Contact","featured-image-url":"https:\/\/websitedemos.net\/wp-content\/uploads\/2019\/07\/agency-04-contact-1.jpg","thumbnail-image-url":"https:\/\/websitedemos.net\/wp-content\/uploads\/2019\/07\/agency-04-contact-1.jpg","astra-page-api-url":"https:\/\/websitedemos.net\/agency-04\/wp-json\/wp\/v2\/pages\/164","dynamic-page":"no","astra-page-url":"\/\/websitedemos.net\/agency-04\/contact\/","astra-sites-tag":{"415":"contact"},"site-pages-type":"agency-mini","site-pages-page-builder":"elementor","site-pages-category":[],"site-pages-parent-category":{"60":"business"},"required-plugins":[{"slug":"astra-addon","init":"astra-addon\/astra-addon.php","name":"Astra Pro"},{"slug":"elementor","init":"elementor\/elementor.php","name":"Elementor"},{"slug":"wpforms-lite","init":"wpforms-lite\/wpforms.php","name":"WPForms Lite"}]}},"related-bb-template":18041,"related-elementor-template":17702,"related-gutenberg-template":"","related_ecommerce_template":"","ecommerce_parent_template":""},"id-17638":{"title":"Freelancer","id":17638,"publish-date":1507635210,"featured-image-url":"https:\/\/websitedemos.net\/wp-content\/uploads\/2019\/07\/freelancer-04-homepage.jpg","thumbnail-image-url":"https:\/\/websitedemos.net\/wp-content\/uploads\/2019\/07\/freelancer-04-homepage.jpg","fullpage-thumbnail-image-url":"https:\/\/websitedemos.net\/wp-content\/uploads\/2019\/07\/freelancer-04-homepage.jpg","astra-site-url":"\/\/websitedemos.net\/freelancer-04","astra-site-parent-id":192,"astra-sites-tag":{"339":"artist","670":"designer","3416":"elementor","669":"freelancer","1020":"personal","1844":"premium","671":"service-provider"},"astra-sites-type":"agency-mini","astra-site-category":{"27":"business"},"astra-sites-template-category":{"2802":"artist","2810":"freelance","2768":"portfolio","2831":"service"},"astra-site-page-builder":"elementor","categories":{"3427":"default","2488":"portfolio","3429":"premium"},"required-plugins":[{"slug":"astra-widgets","init":"astra-widgets\/astra-widgets.php","name":"Astra Widgets"},{"slug":"elementor","init":"elementor\/elementor.php","name":"Elementor"},{"slug":"wpforms-lite","init":"wpforms-lite\/wpforms.php","name":"WPForms Lite"}],"post-status":"publish","post-content":"<!-- wp:paragraph -->\n<p>The Freelancer template is an attractive portfolio design ideal for freelancers or small agencies. It uses a creative graphic with bold color and a mixture of fonts to create a first impression before opening out into an attractive light design.<\/p>\n<!-- \/wp:paragraph -->\n\n<!-- wp:paragraph -->\n<p>Pages include lots of white space interspersed with content areas, animations, a portfolio, calls to action and a contact form. All the essential ingredients a budding freelancer needs in their website.<\/p>\n<!-- \/wp:paragraph -->\n\n<!-- wp:heading {\"level\":3} -->\n<h3>Key features of the Freelancer template<\/h3>\n<!-- \/wp:heading -->\n\n<!-- wp:list -->\n<ul><li>Engaging design with bold colors<\/li><li>Nice mix of handwritten and standard fonts<\/li><li>Plenty of white space to make content stand out<\/li><li>Portfolio, contact form and calls to action included<\/li><li>Full compatibility with drag and drop page builders<\/li><\/ul>\n<!-- \/wp:list -->","post-excerpt":"Bold, light template ideal for freelancers or new agencies to showcase their services","pages":{"id-23977":{"title":"Home","featured-image-url":"https:\/\/websitedemos.net\/wp-content\/uploads\/2019\/07\/freelancer-04-homepage.jpg","thumbnail-image-url":"https:\/\/websitedemos.net\/wp-content\/uploads\/2019\/07\/freelancer-04-homepage.jpg","astra-page-api-url":"https:\/\/websitedemos.net\/freelancer-04\/wp-json\/wp\/v2\/pages\/6","dynamic-page":"no","astra-page-url":"\/\/websitedemos.net\/freelancer-04\/","astra-sites-tag":{"423":"home"},"site-pages-type":"agency-mini","site-pages-page-builder":"elementor","site-pages-category":[],"site-pages-parent-category":{"60":"business"},"required-plugins":[{"slug":"astra-widgets","init":"astra-widgets\/astra-widgets.php","name":"Astra Widgets"},{"slug":"elementor","init":"elementor\/elementor.php","name":"Elementor"},{"slug":"wpforms-lite","init":"wpforms-lite\/wpforms.php","name":"WPForms Lite"}]}},"related-bb-template":18040,"related-elementor-template":17638,"related-gutenberg-template":"","related_ecommerce_template":"","ecommerce_parent_template":""},"id-17631":{"title":"Charity","id":17631,"publish-date":1507628801,"featured-image-url":"https:\/\/websitedemos.net\/wp-content\/uploads\/2019\/07\/charity-03-homepage.jpg","thumbnail-image-url":"https:\/\/websitedemos.net\/wp-content\/uploads\/2019\/07\/charity-03-homepage.jpg","fullpage-thumbnail-image-url":"https:\/\/websitedemos.net\/wp-content\/uploads\/2019\/07\/charity-03-homepage.jpg","astra-site-url":"\/\/websitedemos.net\/charity-03","astra-site-parent-id":171,"astra-sites-tag":{"625":"charity","624":"foundation","626":"giving","977":"non-profit","745":"organization"},"astra-sites-type":"agency-mini","astra-site-category":{"36":"other"},"astra-sites-template-category":[],"astra-site-page-builder":"beaver-builder","categories":{"2492":"non-profit"},"required-plugins":[{"slug":"beaver-builder-lite-version","init":"beaver-builder-lite-version\/fl-builder.php","name":"Beaver Builder Plugin (Lite Version)"},{"slug":"bb-ultimate-addon","init":"bb-ultimate-addon\/bb-ultimate-addon.php","name":"Ultimate Addons for Beaver Builder"},{"slug":"wpforms-lite","init":"wpforms-lite\/wpforms.php","name":"WPForms Lite"}],"post-status":"publish","post-content":"<!-- wp:paragraph -->\n<p>The Charity template opens with an emotive image and headline that sets the mood immediately. It\u2019s a bright, positive template that lets you share your messages while maintaining a giving frame of mind.<\/p>\n<!-- \/wp:paragraph -->\n\n<!-- wp:paragraph -->\n<p>The template includes service sections, a portfolio to showcase your good works, a donor section to give thanks, call to action sections to help encourage donations and lots of places to add any content you like.<\/p>\n<!-- \/wp:paragraph -->\n\n<!-- wp:heading -->\n<h2>Key features of the Charity template<\/h2>\n<!-- \/wp:heading -->\n\n<!-- wp:list -->\n<ul><li>Positive and emotive design that engages well<\/li><li>Balance of colors, images, content and whitespace<\/li><li>Opportunities to encourage giving throughout<\/li><li>Donor section for thanks and encouragement<\/li><li>Full compatibility with drag and drop page builders<\/li><\/ul>\n<!-- \/wp:list -->","post-excerpt":"Well-balanced charity template that encourages giving to charities and good causes","pages":{"id-23624":{"title":"Home","featured-image-url":"https:\/\/websitedemos.net\/wp-content\/uploads\/2019\/07\/charity-03-homepage.jpg","thumbnail-image-url":"https:\/\/websitedemos.net\/wp-content\/uploads\/2019\/07\/charity-03-homepage.jpg","astra-page-api-url":"https:\/\/websitedemos.net\/charity-03\/wp-json\/wp\/v2\/pages\/11","dynamic-page":"no","astra-page-url":"\/\/websitedemos.net\/charity-03\/","astra-sites-tag":{"423":"home"},"site-pages-type":"agency-mini","site-pages-page-builder":"beaver-builder","site-pages-category":[],"site-pages-parent-category":{"139":"other"},"required-plugins":[{"slug":"beaver-builder-lite-version","init":"beaver-builder-lite-version\/fl-builder.php","name":"Beaver Builder Plugin (Lite Version)"},{"slug":"bb-ultimate-addon","init":"bb-ultimate-addon\/bb-ultimate-addon.php","name":"Ultimate Addons for Beaver Builder"}]},"id-23625":{"title":"What We Do","featured-image-url":"https:\/\/websitedemos.net\/wp-content\/uploads\/2019\/07\/charity-03-what-we-do.jpg","thumbnail-image-url":"https:\/\/websitedemos.net\/wp-content\/uploads\/2019\/07\/charity-03-what-we-do.jpg","astra-page-api-url":"https:\/\/websitedemos.net\/charity-03\/wp-json\/wp\/v2\/pages\/13","dynamic-page":"no","astra-page-url":"\/\/websitedemos.net\/charity-03\/what-we-do\/","astra-sites-tag":{"352":"about","628":"what-we-do","451":"work"},"site-pages-type":"agency-mini","site-pages-page-builder":"beaver-builder","site-pages-category":[],"site-pages-parent-category":{"139":"other"},"required-plugins":[{"slug":"beaver-builder-lite-version","init":"beaver-builder-lite-version\/fl-builder.php","name":"Beaver Builder Plugin (Lite Version)"},{"slug":"bb-ultimate-addon","init":"bb-ultimate-addon\/bb-ultimate-addon.php","name":"Ultimate Addons for Beaver Builder"}]},"id-23623":{"title":"Creating Impact","featured-image-url":"https:\/\/websitedemos.net\/wp-content\/uploads\/2019\/07\/charity-03-creating.jpg","thumbnail-image-url":"https:\/\/websitedemos.net\/wp-content\/uploads\/2019\/07\/charity-03-creating.jpg","astra-page-api-url":"https:\/\/websitedemos.net\/charity-03\/wp-json\/wp\/v2\/pages\/18","dynamic-page":"no","astra-page-url":"\/\/websitedemos.net\/charity-03\/creating-impact\/","astra-sites-tag":{"425":"services"},"site-pages-type":"agency-mini","site-pages-page-builder":"beaver-builder","site-pages-category":[],"site-pages-parent-category":{"139":"other"},"required-plugins":[{"slug":"beaver-builder-lite-version","init":"beaver-builder-lite-version\/fl-builder.php","name":"Beaver Builder Plugin (Lite Version)"},{"slug":"bb-ultimate-addon","init":"bb-ultimate-addon\/bb-ultimate-addon.php","name":"Ultimate Addons for Beaver Builder"}]},"id-23622":{"title":"Contact Us","featured-image-url":"https:\/\/websitedemos.net\/wp-content\/uploads\/2019\/07\/charity-03-contact.jpg","thumbnail-image-url":"https:\/\/websitedemos.net\/wp-content\/uploads\/2019\/07\/charity-03-contact.jpg","astra-page-api-url":"https:\/\/websitedemos.net\/charity-03\/wp-json\/wp\/v2\/pages\/22","dynamic-page":"no","astra-page-url":"\/\/websitedemos.net\/charity-03\/contact-us\/","astra-sites-tag":{"415":"contact"},"site-pages-type":"agency-mini","site-pages-page-builder":"beaver-builder","site-pages-category":[],"site-pages-parent-category":{"139":"other"},"required-plugins":[{"slug":"beaver-builder-lite-version","init":"beaver-builder-lite-version\/fl-builder.php","name":"Beaver Builder Plugin (Lite Version)"},{"slug":"bb-ultimate-addon","init":"bb-ultimate-addon\/bb-ultimate-addon.php","name":"Ultimate Addons for Beaver Builder"},{"slug":"wpforms-lite","init":"wpforms-lite\/wpforms.php","name":"WPForms Lite"}]}},"related-bb-template":"","related-elementor-template":"","related-gutenberg-template":"","related_ecommerce_template":"","ecommerce_parent_template":""},"id-17624":{"title":"Car Repair","id":17624,"publish-date":1507201150,"featured-image-url":"https:\/\/websitedemos.net\/wp-content\/uploads\/2019\/07\/car-repair-02-homepage.jpg","thumbnail-image-url":"https:\/\/websitedemos.net\/wp-content\/uploads\/2019\/07\/car-repair-02-homepage.jpg","fullpage-thumbnail-image-url":"https:\/\/websitedemos.net\/wp-content\/uploads\/2019\/07\/car-repair-02-homepage.jpg","astra-site-url":"\/\/websitedemos.net\/car-repair-02","astra-site-parent-id":296,"astra-sites-tag":{"588":"car-care","587":"car-detailing","666":"car-repair","3416":"elementor","1021":"local-business","667":"repair-shop"},"astra-sites-type":"free","astra-site-category":{"27":"business","39":"free"},"astra-sites-template-category":{"2800":"car-automotive","2777":"business","2831":"service"},"astra-site-page-builder":"elementor","categories":{"2475":"automotive","3427":"default","3428":"free"},"required-plugins":[{"slug":"elementor","init":"elementor\/elementor.php","name":"Elementor"},{"slug":"wpforms-lite","init":"wpforms-lite\/wpforms.php","name":"WPForms Lite"}],"post-status":"publish","post-content":"<!-- wp:paragraph -->\n<p>The Car Repair template has a light, refreshing design that draws you in from the very beginning. It opens with a large car image to set the scene, along with a strong call to action to deliver visitor intent.<\/p>\n<!-- \/wp:paragraph -->\n\n<!-- wp:paragraph -->\n<p>The rest of the page delivers all the information you need to communicate with the option of adding more if required. Supplementary pages are equally attractive, especially the contact page!<\/p>\n<!-- \/wp:paragraph -->\n\n<!-- wp:heading -->\n<h2>Key features of the Car Repair template<\/h2>\n<!-- \/wp:heading -->\n\n<!-- wp:list -->\n<ul><li>Refreshingly modern design ideal for business<\/li><li>Instant engagement with the strong hero section<\/li><li>Clear service sections to deliver visitor intent<\/li><li>Attractive colors and effects<\/li><li>Full compatibility with drag and drop page builders<\/li><\/ul>\n<!-- \/wp:list -->","post-excerpt":"Engaging web template ideal for car repair or the auto industry","pages":{"id-25096":{"title":"Home","featured-image-url":"https:\/\/websitedemos.net\/wp-content\/uploads\/2019\/07\/car-repair-02-homepage.jpg","thumbnail-image-url":"https:\/\/websitedemos.net\/wp-content\/uploads\/2019\/07\/car-repair-02-homepage.jpg","astra-page-api-url":"https:\/\/websitedemos.net\/car-repair-02\/wp-json\/wp\/v2\/pages\/355","dynamic-page":"no","astra-page-url":"\/\/websitedemos.net\/car-repair-02\/","astra-sites-tag":{"423":"home"},"site-pages-type":"free","site-pages-page-builder":"elementor","site-pages-category":[],"site-pages-parent-category":{"60":"business","61":"free"},"required-plugins":[{"slug":"elementor","init":"elementor\/elementor.php","name":"Elementor"},{"slug":"wpforms-lite","init":"wpforms-lite\/wpforms.php","name":"WPForms Lite"}]},"id-25093":{"title":"About","featured-image-url":"https:\/\/websitedemos.net\/wp-content\/uploads\/2019\/07\/car-repair-02-about-1.jpg","thumbnail-image-url":"https:\/\/websitedemos.net\/wp-content\/uploads\/2019\/07\/car-repair-02-about-1.jpg","astra-page-api-url":"https:\/\/websitedemos.net\/car-repair-02\/wp-json\/wp\/v2\/pages\/193","dynamic-page":"no","astra-page-url":"\/\/websitedemos.net\/car-repair-02\/about\/","astra-sites-tag":{"352":"about"},"site-pages-type":"free","site-pages-page-builder":"elementor","site-pages-category":[],"site-pages-parent-category":{"60":"business","61":"free"},"required-plugins":[{"slug":"elementor","init":"elementor\/elementor.php","name":"Elementor"}]},"id-25098":{"title":"Services","featured-image-url":"https:\/\/websitedemos.net\/wp-content\/uploads\/2019\/07\/car-repair-02-services-1.jpg","thumbnail-image-url":"https:\/\/websitedemos.net\/wp-content\/uploads\/2019\/07\/car-repair-02-services-1.jpg","astra-page-api-url":"https:\/\/websitedemos.net\/car-repair-02\/wp-json\/wp\/v2\/pages\/217","dynamic-page":"no","astra-page-url":"\/\/websitedemos.net\/car-repair-02\/services\/","astra-sites-tag":{"425":"services"},"site-pages-type":"free","site-pages-page-builder":"elementor","site-pages-category":[],"site-pages-parent-category":{"60":"business","61":"free"},"required-plugins":[{"slug":"elementor","init":"elementor\/elementor.php","name":"Elementor"}]},"id-25097":{"title":"Our Staff","featured-image-url":"https:\/\/websitedemos.net\/wp-content\/uploads\/2019\/07\/car-repair-02-our-staff.jpg","thumbnail-image-url":"https:\/\/websitedemos.net\/wp-content\/uploads\/2019\/07\/car-repair-02-our-staff.jpg","astra-page-api-url":"https:\/\/websitedemos.net\/car-repair-02\/wp-json\/wp\/v2\/pages\/230","dynamic-page":"no","astra-page-url":"\/\/websitedemos.net\/car-repair-02\/our-staff\/","astra-sites-tag":{"668":"staff","486":"team"},"site-pages-type":"free","site-pages-page-builder":"elementor","site-pages-category":[],"site-pages-parent-category":{"60":"business","61":"free"},"required-plugins":[{"slug":"elementor","init":"elementor\/elementor.php","name":"Elementor"}]},"id-25095":{"title":"Contact","featured-image-url":"https:\/\/websitedemos.net\/wp-content\/uploads\/2019\/07\/car-repair-02-contact-1.jpg","thumbnail-image-url":"https:\/\/websitedemos.net\/wp-content\/uploads\/2019\/07\/car-repair-02-contact-1.jpg","astra-page-api-url":"https:\/\/websitedemos.net\/car-repair-02\/wp-json\/wp\/v2\/pages\/649","dynamic-page":"no","astra-page-url":"\/\/websitedemos.net\/car-repair-02\/contact\/","astra-sites-tag":{"415":"contact"},"site-pages-type":"free","site-pages-page-builder":"elementor","site-pages-category":[],"site-pages-parent-category":{"60":"business","61":"free"},"required-plugins":[{"slug":"elementor","init":"elementor\/elementor.php","name":"Elementor"},{"slug":"wpforms-lite","init":"wpforms-lite\/wpforms.php","name":"WPForms Lite"}]}},"related-bb-template":"","related-elementor-template":"","related-gutenberg-template":"","related_ecommerce_template":"","ecommerce_parent_template":""},"id-17630":{"title":"Electrician","id":17630,"publish-date":1507201098,"featured-image-url":"https:\/\/websitedemos.net\/wp-content\/uploads\/2019\/07\/electrician-01-homepage.jpg","thumbnail-image-url":"https:\/\/websitedemos.net\/wp-content\/uploads\/2019\/07\/electrician-01-homepage.jpg","fullpage-thumbnail-image-url":"https:\/\/websitedemos.net\/wp-content\/uploads\/2019\/07\/electrician-01-homepage.jpg","astra-site-url":"\/\/websitedemos.net\/electrician-01","astra-site-parent-id":234,"astra-sites-tag":{"341":"electrician","439":"local-services","671":"service-provider"},"astra-sites-type":"free","astra-site-category":{"27":"business","39":"free"},"astra-sites-template-category":[],"astra-site-page-builder":"beaver-builder","categories":{"2471":"local-technician"},"required-plugins":[{"slug":"beaver-builder-lite-version","init":"beaver-builder-lite-version\/fl-builder.php","name":"Beaver Builder Plugin (Lite Version)"},{"slug":"ultimate-addons-for-beaver-builder-lite","init":"ultimate-addons-for-beaver-builder-lite\/bb-ultimate-addon.php","name":"Ultimate Addons for Beaver Builder - Lite"},{"slug":"wpforms-lite","init":"wpforms-lite\/wpforms.php","name":"WPForms Lite"}],"post-status":"publish","post-content":"","post-excerpt":"","pages":{"id-24489":{"title":"Home","featured-image-url":"https:\/\/websitedemos.net\/wp-content\/uploads\/2019\/07\/electrician-01-homepage.jpg","thumbnail-image-url":"https:\/\/websitedemos.net\/wp-content\/uploads\/2019\/07\/electrician-01-homepage.jpg","astra-page-api-url":"https:\/\/websitedemos.net\/electrician-01\/wp-json\/wp\/v2\/pages\/2","dynamic-page":"no","astra-page-url":"\/\/websitedemos.net\/electrician-01\/","astra-sites-tag":{"423":"home"},"site-pages-type":"free","site-pages-page-builder":"beaver-builder","site-pages-category":[],"site-pages-parent-category":{"60":"business","61":"free"},"required-plugins":[{"slug":"beaver-builder-lite-version","init":"beaver-builder-lite-version\/fl-builder.php","name":"Beaver Builder Plugin (Lite Version)"},{"slug":"ultimate-addons-for-beaver-builder-lite","init":"ultimate-addons-for-beaver-builder-lite\/bb-ultimate-addon.php","name":"Ultimate Addons for Beaver Builder - Lite"},{"slug":"wpforms-lite","init":"wpforms-lite\/wpforms.php","name":"WPForms Lite"}]},"id-24485":{"title":"About Us","featured-image-url":"https:\/\/websitedemos.net\/wp-content\/uploads\/2019\/07\/electrician-01-about.jpg","thumbnail-image-url":"https:\/\/websitedemos.net\/wp-content\/uploads\/2019\/07\/electrician-01-about.jpg","astra-page-api-url":"https:\/\/websitedemos.net\/electrician-01\/wp-json\/wp\/v2\/pages\/11","dynamic-page":"no","astra-page-url":"\/\/websitedemos.net\/electrician-01\/about-us\/","astra-sites-tag":{"352":"about"},"site-pages-type":"free","site-pages-page-builder":"beaver-builder","site-pages-category":[],"site-pages-parent-category":{"60":"business","61":"free"},"required-plugins":[{"slug":"beaver-builder-lite-version","init":"beaver-builder-lite-version\/fl-builder.php","name":"Beaver Builder Plugin (Lite Version)"},{"slug":"ultimate-addons-for-beaver-builder-lite","init":"ultimate-addons-for-beaver-builder-lite\/bb-ultimate-addon.php","name":"Ultimate Addons for Beaver Builder - Lite"},{"slug":"wpforms-lite","init":"wpforms-lite\/wpforms.php","name":"WPForms Lite"}]},"id-24490":{"title":"Services","featured-image-url":"https:\/\/websitedemos.net\/wp-content\/uploads\/2019\/07\/electrician-01-services.jpg","thumbnail-image-url":"https:\/\/websitedemos.net\/wp-content\/uploads\/2019\/07\/electrician-01-services.jpg","astra-page-api-url":"https:\/\/websitedemos.net\/electrician-01\/wp-json\/wp\/v2\/pages\/14","dynamic-page":"no","astra-page-url":"\/\/websitedemos.net\/electrician-01\/services\/","astra-sites-tag":{"425":"services"},"site-pages-type":"free","site-pages-page-builder":"beaver-builder","site-pages-category":[],"site-pages-parent-category":{"60":"business","61":"free"},"required-plugins":[{"slug":"beaver-builder-lite-version","init":"beaver-builder-lite-version\/fl-builder.php","name":"Beaver Builder Plugin (Lite Version)"},{"slug":"ultimate-addons-for-beaver-builder-lite","init":"ultimate-addons-for-beaver-builder-lite\/bb-ultimate-addon.php","name":"Ultimate Addons for Beaver Builder - Lite"},{"slug":"wpforms-lite","init":"wpforms-lite\/wpforms.php","name":"WPForms Lite"}]},"id-24488":{"title":"FAQ","featured-image-url":"https:\/\/websitedemos.net\/wp-content\/uploads\/2019\/07\/electrician-01-faq.jpg","thumbnail-image-url":"https:\/\/websitedemos.net\/wp-content\/uploads\/2019\/07\/electrician-01-faq.jpg","astra-page-api-url":"https:\/\/websitedemos.net\/electrician-01\/wp-json\/wp\/v2\/pages\/16","dynamic-page":"no","astra-page-url":"\/\/websitedemos.net\/electrician-01\/faq\/","astra-sites-tag":{"426":"faq","709":"questions"},"site-pages-type":"free","site-pages-page-builder":"beaver-builder","site-pages-category":[],"site-pages-parent-category":{"60":"business","61":"free"},"required-plugins":[{"slug":"beaver-builder-lite-version","init":"beaver-builder-lite-version\/fl-builder.php","name":"Beaver Builder Plugin (Lite Version)"},{"slug":"ultimate-addons-for-beaver-builder-lite","init":"ultimate-addons-for-beaver-builder-lite\/bb-ultimate-addon.php","name":"Ultimate Addons for Beaver Builder - Lite"},{"slug":"wpforms-lite","init":"wpforms-lite\/wpforms.php","name":"WPForms Lite"}]},"id-24487":{"title":"Contact","featured-image-url":"https:\/\/websitedemos.net\/wp-content\/uploads\/2019\/07\/electrician-01-contact.jpg","thumbnail-image-url":"https:\/\/websitedemos.net\/wp-content\/uploads\/2019\/07\/electrician-01-contact.jpg","astra-page-api-url":"https:\/\/websitedemos.net\/electrician-01\/wp-json\/wp\/v2\/pages\/18","dynamic-page":"no","astra-page-url":"\/\/websitedemos.net\/electrician-01\/contact\/","astra-sites-tag":{"415":"contact"},"site-pages-type":"free","site-pages-page-builder":"beaver-builder","site-pages-category":[],"site-pages-parent-category":{"60":"business","61":"free"},"required-plugins":[{"slug":"beaver-builder-lite-version","init":"beaver-builder-lite-version\/fl-builder.php","name":"Beaver Builder Plugin (Lite Version)"},{"slug":"ultimate-addons-for-beaver-builder-lite","init":"ultimate-addons-for-beaver-builder-lite\/bb-ultimate-addon.php","name":"Ultimate Addons for Beaver Builder - Lite"},{"slug":"wpforms-lite","init":"wpforms-lite\/wpforms.php","name":"WPForms Lite"}]}},"related-bb-template":"","related-elementor-template":"","related-gutenberg-template":"","related_ecommerce_template":"","ecommerce_parent_template":""},"id-17618":{"title":"Sweet Shop","id":17618,"publish-date":1507027450,"featured-image-url":"https:\/\/websitedemos.net\/wp-content\/uploads\/2019\/07\/sweet-shop-03-homepage.jpg","thumbnail-image-url":"https:\/\/websitedemos.net\/wp-content\/uploads\/2019\/07\/sweet-shop-03-homepage.jpg","fullpage-thumbnail-image-url":"https:\/\/websitedemos.net\/wp-content\/uploads\/2019\/07\/sweet-shop-03-homepage.jpg","astra-site-url":"\/\/websitedemos.net\/sweet-shop-03","astra-site-parent-id":271,"astra-sites-tag":{"758":"bakery","496":"ecommerce","383":"online-store","749":"store","756":"sweet-shop","757":"sweets","1024":"woocommerce"},"astra-sites-type":"agency-mini","astra-site-category":{"27":"business"},"astra-sites-template-category":[],"astra-site-page-builder":"beaver-builder","categories":{"2478":"local-storefronts"},"required-plugins":[{"slug":"astra-addon","init":"astra-addon\/astra-addon.php","name":"Astra Pro"},{"slug":"beaver-builder-lite-version","init":"beaver-builder-lite-version\/fl-builder.php","name":"Beaver Builder Plugin (Lite Version)"},{"slug":"bb-ultimate-addon","init":"bb-ultimate-addon\/bb-ultimate-addon.php","name":"Ultimate Addons for Beaver Builder"},{"slug":"wpforms-lite","init":"wpforms-lite\/wpforms.php","name":"WPForms Lite"}],"post-status":"publish","post-content":"","post-excerpt":"","pages":{"id-24800":{"title":"Home","featured-image-url":"https:\/\/websitedemos.net\/wp-content\/uploads\/2019\/07\/sweet-shop-03-homepage.jpg","thumbnail-image-url":"https:\/\/websitedemos.net\/wp-content\/uploads\/2019\/07\/sweet-shop-03-homepage.jpg","astra-page-api-url":"https:\/\/websitedemos.net\/sweet-shop-03\/wp-json\/wp\/v2\/pages\/7","dynamic-page":"no","astra-page-url":"\/\/websitedemos.net\/sweet-shop-03\/","astra-sites-tag":{"423":"home"},"site-pages-type":"agency-mini","site-pages-page-builder":"beaver-builder","site-pages-category":[],"site-pages-parent-category":{"60":"business"},"required-plugins":[{"slug":"beaver-builder-lite-version","init":"beaver-builder-lite-version\/fl-builder.php","name":"Beaver Builder Plugin (Lite Version)"},{"slug":"bb-ultimate-addon","init":"bb-ultimate-addon\/bb-ultimate-addon.php","name":"Ultimate Addons for Beaver Builder"}]},"id-24796":{"title":"About","featured-image-url":"https:\/\/websitedemos.net\/wp-content\/uploads\/2019\/07\/sweet-shop-03-about-2.jpg","thumbnail-image-url":"https:\/\/websitedemos.net\/wp-content\/uploads\/2019\/07\/sweet-shop-03-about-2.jpg","astra-page-api-url":"https:\/\/websitedemos.net\/sweet-shop-03\/wp-json\/wp\/v2\/pages\/9","dynamic-page":"no","astra-page-url":"\/\/websitedemos.net\/sweet-shop-03\/about\/","astra-sites-tag":{"352":"about"},"site-pages-type":"agency-mini","site-pages-page-builder":"beaver-builder","site-pages-category":[],"site-pages-parent-category":{"60":"business"},"required-plugins":[{"slug":"beaver-builder-lite-version","init":"beaver-builder-lite-version\/fl-builder.php","name":"Beaver Builder Plugin (Lite Version)"},{"slug":"bb-ultimate-addon","init":"bb-ultimate-addon\/bb-ultimate-addon.php","name":"Ultimate Addons for Beaver Builder"}]},"id-24799":{"title":"Gallery","featured-image-url":"https:\/\/websitedemos.net\/wp-content\/uploads\/2019\/07\/sweet-shop-03-gallery.jpg","thumbnail-image-url":"https:\/\/websitedemos.net\/wp-content\/uploads\/2019\/07\/sweet-shop-03-gallery.jpg","astra-page-api-url":"https:\/\/websitedemos.net\/sweet-shop-03\/wp-json\/wp\/v2\/pages\/11","dynamic-page":"no","astra-page-url":"\/\/websitedemos.net\/sweet-shop-03\/gallery\/","astra-sites-tag":{"461":"gallery"},"site-pages-type":"agency-mini","site-pages-page-builder":"beaver-builder","site-pages-category":[],"site-pages-parent-category":{"60":"business"},"required-plugins":[{"slug":"beaver-builder-lite-version","init":"beaver-builder-lite-version\/fl-builder.php","name":"Beaver Builder Plugin (Lite Version)"},{"slug":"bb-ultimate-addon","init":"bb-ultimate-addon\/bb-ultimate-addon.php","name":"Ultimate Addons for Beaver Builder"}]},"id-24801":{"title":"Our Cakes","featured-image-url":"https:\/\/websitedemos.net\/wp-content\/uploads\/2019\/07\/sweet-shop-03-our-cakes.jpg","thumbnail-image-url":"https:\/\/websitedemos.net\/wp-content\/uploads\/2019\/07\/sweet-shop-03-our-cakes.jpg","astra-page-api-url":"https:\/\/websitedemos.net\/sweet-shop-03\/wp-json\/wp\/v2\/pages\/25","dynamic-page":"no","astra-page-url":"\/\/websitedemos.net\/sweet-shop-03\/our-cakes\/","astra-sites-tag":{"783":"cake"},"site-pages-type":"agency-mini","site-pages-page-builder":"beaver-builder","site-pages-category":[],"site-pages-parent-category":{"60":"business"},"required-plugins":[{"slug":"beaver-builder-lite-version","init":"beaver-builder-lite-version\/fl-builder.php","name":"Beaver Builder Plugin (Lite Version)"},{"slug":"bb-ultimate-addon","init":"bb-ultimate-addon\/bb-ultimate-addon.php","name":"Ultimate Addons for Beaver Builder"}]},"id-24798":{"title":"Contact Us","featured-image-url":"https:\/\/websitedemos.net\/wp-content\/uploads\/2019\/07\/sweet-shop-03-contact.jpg","thumbnail-image-url":"https:\/\/websitedemos.net\/wp-content\/uploads\/2019\/07\/sweet-shop-03-contact.jpg","astra-page-api-url":"https:\/\/websitedemos.net\/sweet-shop-03\/wp-json\/wp\/v2\/pages\/13","dynamic-page":"no","astra-page-url":"\/\/websitedemos.net\/sweet-shop-03\/contact-us\/","astra-sites-tag":{"415":"contact"},"site-pages-type":"agency-mini","site-pages-page-builder":"beaver-builder","site-pages-category":[],"site-pages-parent-category":{"60":"business"},"required-plugins":[{"slug":"beaver-builder-lite-version","init":"beaver-builder-lite-version\/fl-builder.php","name":"Beaver Builder Plugin (Lite Version)"},{"slug":"bb-ultimate-addon","init":"bb-ultimate-addon\/bb-ultimate-addon.php","name":"Ultimate Addons for Beaver Builder"},{"slug":"wpforms-lite","init":"wpforms-lite\/wpforms.php","name":"WPForms Lite"}]}},"related-bb-template":"","related-elementor-template":"","related-gutenberg-template":"","related_ecommerce_template":"","ecommerce_parent_template":""},"id-17619":{"title":"Wedding Invitation","id":17619,"publish-date":1507027381,"featured-image-url":"https:\/\/websitedemos.net\/wp-content\/uploads\/2019\/07\/wedding-01-homepage.jpg","thumbnail-image-url":"https:\/\/websitedemos.net\/wp-content\/uploads\/2019\/07\/wedding-01-homepage.jpg","fullpage-thumbnail-image-url":"https:\/\/websitedemos.net\/wp-content\/uploads\/2019\/07\/wedding-01-homepage.jpg","astra-site-url":"\/\/websitedemos.net\/wedding-01","astra-site-parent-id":265,"astra-sites-tag":{"698":"engagement","699":"invitation","399":"one-page","463":"single-page","697":"wedding"},"astra-sites-type":"free","astra-site-category":{"39":"free"},"astra-sites-template-category":[],"astra-site-page-builder":"beaver-builder","categories":{"2489":"event-invitation"},"required-plugins":[{"slug":"beaver-builder-lite-version","init":"beaver-builder-lite-version\/fl-builder.php","name":"Beaver Builder Plugin (Lite Version)"},{"slug":"ultimate-addons-for-beaver-builder-lite","init":"ultimate-addons-for-beaver-builder-lite\/bb-ultimate-addon.php","name":"Ultimate Addons for Beaver Builder - Lite"},{"slug":"wpforms-lite","init":"wpforms-lite\/wpforms.php","name":"WPForms Lite"}],"post-status":"publish","post-content":"","post-excerpt":"","pages":{"id-24756":{"title":"Home","featured-image-url":"https:\/\/websitedemos.net\/wp-content\/uploads\/2019\/07\/wedding-01-homepage.jpg","thumbnail-image-url":"https:\/\/websitedemos.net\/wp-content\/uploads\/2019\/07\/wedding-01-homepage.jpg","astra-page-api-url":"https:\/\/websitedemos.net\/wedding-01\/wp-json\/wp\/v2\/pages\/2","dynamic-page":"no","astra-page-url":"\/\/websitedemos.net\/wedding-01\/","astra-sites-tag":{"423":"home"},"site-pages-type":"free","site-pages-page-builder":"beaver-builder","site-pages-category":[],"site-pages-parent-category":{"61":"free"},"required-plugins":[{"slug":"beaver-builder-lite-version","init":"beaver-builder-lite-version\/fl-builder.php","name":"Beaver Builder Plugin (Lite Version)"},{"slug":"ultimate-addons-for-beaver-builder-lite","init":"ultimate-addons-for-beaver-builder-lite\/bb-ultimate-addon.php","name":"Ultimate Addons for Beaver Builder - Lite"},{"slug":"wpforms-lite","init":"wpforms-lite\/wpforms.php","name":"WPForms Lite"}]}},"related-bb-template":"","related-elementor-template":"","related-gutenberg-template":"","related_ecommerce_template":"","ecommerce_parent_template":""},"id-17616":{"title":"Lawyer","id":17616,"publish-date":1507027353,"featured-image-url":"https:\/\/websitedemos.net\/wp-content\/uploads\/2019\/07\/law-01-homepage.jpg","thumbnail-image-url":"https:\/\/websitedemos.net\/wp-content\/uploads\/2019\/07\/law-01-homepage.jpg","fullpage-thumbnail-image-url":"https:\/\/websitedemos.net\/wp-content\/uploads\/2019\/07\/law-01-homepage.jpg","astra-site-url":"\/\/websitedemos.net\/law-01","astra-site-parent-id":353,"astra-sites-tag":{"704":"corporate-law","701":"criminal-law","703":"enforcement","968":"justice","702":"law-firm","706":"lawyer","778":"legal"},"astra-sites-type":"free","astra-site-category":{"27":"business","39":"free"},"astra-sites-template-category":[],"astra-site-page-builder":"beaver-builder","categories":{"2482":"law"},"required-plugins":[{"slug":"astra-widgets","init":"astra-widgets\/astra-widgets.php","name":"Astra Widgets"},{"slug":"beaver-builder-lite-version","init":"beaver-builder-lite-version\/fl-builder.php","name":"Beaver Builder Plugin (Lite Version)"},{"slug":"ultimate-addons-for-beaver-builder-lite","init":"ultimate-addons-for-beaver-builder-lite\/bb-ultimate-addon.php","name":"Ultimate Addons for Beaver Builder - Lite"},{"slug":"wpforms-lite","init":"wpforms-lite\/wpforms.php","name":"WPForms Lite"}],"post-status":"publish","post-content":"","post-excerpt":"","pages":{"id-28283":{"title":"Home","featured-image-url":"https:\/\/websitedemos.net\/wp-content\/uploads\/2019\/07\/law-01-homepage.jpg","thumbnail-image-url":"https:\/\/websitedemos.net\/wp-content\/uploads\/2019\/07\/law-01-homepage.jpg","astra-page-api-url":"https:\/\/websitedemos.net\/law-01\/wp-json\/wp\/v2\/pages\/7","dynamic-page":"no","astra-page-url":"\/\/websitedemos.net\/law-01\/","astra-sites-tag":{"423":"home"},"site-pages-type":"free","site-pages-page-builder":"beaver-builder","site-pages-category":[],"site-pages-parent-category":{"60":"business","61":"free"},"required-plugins":[{"slug":"beaver-builder-lite-version","init":"beaver-builder-lite-version\/fl-builder.php","name":"Beaver Builder Plugin (Lite Version)"},{"slug":"ultimate-addons-for-beaver-builder-lite","init":"ultimate-addons-for-beaver-builder-lite\/bb-ultimate-addon.php","name":"Ultimate Addons for Beaver Builder - Lite"}]},"id-28280":{"title":"About","featured-image-url":"https:\/\/websitedemos.net\/wp-content\/uploads\/2019\/07\/law-01-about-1.jpg","thumbnail-image-url":"https:\/\/websitedemos.net\/wp-content\/uploads\/2019\/07\/law-01-about-1.jpg","astra-page-api-url":"https:\/\/websitedemos.net\/law-01\/wp-json\/wp\/v2\/pages\/9","dynamic-page":"no","astra-page-url":"\/\/websitedemos.net\/law-01\/about\/","astra-sites-tag":{"352":"about"},"site-pages-type":"free","site-pages-page-builder":"beaver-builder","site-pages-category":[],"site-pages-parent-category":{"60":"business","61":"free"},"required-plugins":[{"slug":"beaver-builder-lite-version","init":"beaver-builder-lite-version\/fl-builder.php","name":"Beaver Builder Plugin (Lite Version)"},{"slug":"ultimate-addons-for-beaver-builder-lite","init":"ultimate-addons-for-beaver-builder-lite\/bb-ultimate-addon.php","name":"Ultimate Addons for Beaver Builder - Lite"}]},"id-28284":{"title":"Practice Area","featured-image-url":"https:\/\/websitedemos.net\/wp-content\/uploads\/2019\/07\/law-01-practice-area-1.jpg","thumbnail-image-url":"https:\/\/websitedemos.net\/wp-content\/uploads\/2019\/07\/law-01-practice-area-1.jpg","astra-page-api-url":"https:\/\/websitedemos.net\/law-01\/wp-json\/wp\/v2\/pages\/10","dynamic-page":"no","astra-page-url":"\/\/websitedemos.net\/law-01\/practice-area\/","astra-sites-tag":{"708":"area","707":"practice-area"},"site-pages-type":"free","site-pages-page-builder":"beaver-builder","site-pages-category":[],"site-pages-parent-category":{"60":"business","61":"free"},"required-plugins":[{"slug":"beaver-builder-lite-version","init":"beaver-builder-lite-version\/fl-builder.php","name":"Beaver Builder Plugin (Lite Version)"},{"slug":"ultimate-addons-for-beaver-builder-lite","init":"ultimate-addons-for-beaver-builder-lite\/bb-ultimate-addon.php","name":"Ultimate Addons for Beaver Builder - Lite"}]},"id-36136":{"title":"FAQ","featured-image-url":"https:\/\/websitedemos.net\/wp-content\/uploads\/2020\/01\/law-01-faq.jpg","thumbnail-image-url":"https:\/\/websitedemos.net\/wp-content\/uploads\/2020\/01\/law-01-faq.jpg","astra-page-api-url":"https:\/\/websitedemos.net\/law-01\/wp-json\/wp\/v2\/pages\/11","dynamic-page":"no","astra-page-url":"\/\/websitedemos.net\/law-01\/faq\/","astra-sites-tag":{"426":"faq"},"site-pages-type":"free","site-pages-page-builder":"beaver-builder","site-pages-category":[],"site-pages-parent-category":{"60":"business","61":"free"},"required-plugins":[{"slug":"beaver-builder-lite-version","init":"beaver-builder-lite-version\/fl-builder.php","name":"Beaver Builder Plugin (Lite Version)"},{"slug":"ultimate-addons-for-beaver-builder-lite","init":"ultimate-addons-for-beaver-builder-lite\/bb-ultimate-addon.php","name":"Ultimate Addons for Beaver Builder - Lite"}]},"id-28282":{"title":"Contact","featured-image-url":"https:\/\/websitedemos.net\/wp-content\/uploads\/2019\/07\/law-01-contact-2.jpg","thumbnail-image-url":"https:\/\/websitedemos.net\/wp-content\/uploads\/2019\/07\/law-01-contact-2.jpg","astra-page-api-url":"https:\/\/websitedemos.net\/law-01\/wp-json\/wp\/v2\/pages\/12","dynamic-page":"no","astra-page-url":"\/\/websitedemos.net\/law-01\/contact\/","astra-sites-tag":{"415":"contact"},"site-pages-type":"free","site-pages-page-builder":"beaver-builder","site-pages-category":[],"site-pages-parent-category":{"60":"business","61":"free"},"required-plugins":[{"slug":"beaver-builder-lite-version","init":"beaver-builder-lite-version\/fl-builder.php","name":"Beaver Builder Plugin (Lite Version)"},{"slug":"ultimate-addons-for-beaver-builder-lite","init":"ultimate-addons-for-beaver-builder-lite\/bb-ultimate-addon.php","name":"Ultimate Addons for Beaver Builder - Lite"},{"slug":"wpforms-lite","init":"wpforms-lite\/wpforms.php","name":"WPForms Lite"}]}},"related-bb-template":"","related-elementor-template":"","related-gutenberg-template":"","related_ecommerce_template":"","ecommerce_parent_template":""},"id-17562":{"title":"Spa","id":17562,"publish-date":1505912623,"featured-image-url":"https:\/\/websitedemos.net\/wp-content\/uploads\/2019\/07\/lotus-spa-03-homepage.jpg","thumbnail-image-url":"https:\/\/websitedemos.net\/wp-content\/uploads\/2019\/07\/lotus-spa-03-homepage.jpg","fullpage-thumbnail-image-url":"https:\/\/websitedemos.net\/wp-content\/uploads\/2019\/07\/lotus-spa-03-homepage.jpg","astra-site-url":"\/\/websitedemos.net\/lotus-spa-03","astra-site-parent-id":191,"astra-sites-tag":{"532":"acupressure","474":"grooming","528":"massage","527":"massage-therapist","529":"physiotherapy","531":"reflexology","533":"relaxation","650":"salon","651":"skincare","530":"spa"},"astra-sites-type":"agency-mini","astra-site-category":{"27":"business"},"astra-sites-template-category":[],"astra-site-page-builder":"beaver-builder","categories":{"2479":"beauty"},"required-plugins":[{"slug":"astra-addon","init":"astra-addon\/astra-addon.php","name":"Astra Pro"},{"slug":"beaver-builder-lite-version","init":"beaver-builder-lite-version\/fl-builder.php","name":"Beaver Builder Plugin (Lite Version)"},{"slug":"bb-ultimate-addon","init":"bb-ultimate-addon\/bb-ultimate-addon.php","name":"Ultimate Addons for Beaver Builder"},{"slug":"wpforms-lite","init":"wpforms-lite\/wpforms.php","name":"WPForms Lite"}],"post-status":"publish","post-content":"","post-excerpt":"","pages":{"id-23970":{"title":"Home","featured-image-url":"https:\/\/websitedemos.net\/wp-content\/uploads\/2019\/07\/lotus-spa-03-homepage.jpg","thumbnail-image-url":"https:\/\/websitedemos.net\/wp-content\/uploads\/2019\/07\/lotus-spa-03-homepage.jpg","astra-page-api-url":"https:\/\/websitedemos.net\/lotus-spa-03\/wp-json\/wp\/v2\/pages\/2202","dynamic-page":"no","astra-page-url":"\/\/websitedemos.net\/lotus-spa-03\/","astra-sites-tag":{"423":"home"},"site-pages-type":"agency-mini","site-pages-page-builder":"beaver-builder","site-pages-category":[],"site-pages-parent-category":{"60":"business"},"required-plugins":[{"slug":"beaver-builder-lite-version","init":"beaver-builder-lite-version\/fl-builder.php","name":"Beaver Builder Plugin (Lite Version)"},{"slug":"bb-ultimate-addon","init":"bb-ultimate-addon\/bb-ultimate-addon.php","name":"Ultimate Addons for Beaver Builder"}]},"id-23967":{"title":"About","featured-image-url":"https:\/\/websitedemos.net\/wp-content\/uploads\/2019\/07\/lotus-spa-03-about.jpg","thumbnail-image-url":"https:\/\/websitedemos.net\/wp-content\/uploads\/2019\/07\/lotus-spa-03-about.jpg","astra-page-api-url":"https:\/\/websitedemos.net\/lotus-spa-03\/wp-json\/wp\/v2\/pages\/2208","dynamic-page":"no","astra-page-url":"\/\/websitedemos.net\/lotus-spa-03\/about\/","astra-sites-tag":{"352":"about"},"site-pages-type":"agency-mini","site-pages-page-builder":"beaver-builder","site-pages-category":[],"site-pages-parent-category":{"60":"business"},"required-plugins":[{"slug":"beaver-builder-lite-version","init":"beaver-builder-lite-version\/fl-builder.php","name":"Beaver Builder Plugin (Lite Version)"},{"slug":"bb-ultimate-addon","init":"bb-ultimate-addon\/bb-ultimate-addon.php","name":"Ultimate Addons for Beaver Builder"}]},"id-23971":{"title":"Services","featured-image-url":"https:\/\/websitedemos.net\/wp-content\/uploads\/2019\/07\/lotus-spa-03-services.jpg","thumbnail-image-url":"https:\/\/websitedemos.net\/wp-content\/uploads\/2019\/07\/lotus-spa-03-services.jpg","astra-page-api-url":"https:\/\/websitedemos.net\/lotus-spa-03\/wp-json\/wp\/v2\/pages\/2210","dynamic-page":"no","astra-page-url":"\/\/websitedemos.net\/lotus-spa-03\/services\/","astra-sites-tag":{"425":"services"},"site-pages-type":"agency-mini","site-pages-page-builder":"beaver-builder","site-pages-category":[],"site-pages-parent-category":{"60":"business"},"required-plugins":[{"slug":"beaver-builder-lite-version","init":"beaver-builder-lite-version\/fl-builder.php","name":"Beaver Builder Plugin (Lite Version)"},{"slug":"bb-ultimate-addon","init":"bb-ultimate-addon\/bb-ultimate-addon.php","name":"Ultimate Addons for Beaver Builder"}]},"id-23969":{"title":"Contact","featured-image-url":"https:\/\/websitedemos.net\/wp-content\/uploads\/2019\/07\/lotus-spa-03-contact.jpg","thumbnail-image-url":"https:\/\/websitedemos.net\/wp-content\/uploads\/2019\/07\/lotus-spa-03-contact.jpg","astra-page-api-url":"https:\/\/websitedemos.net\/lotus-spa-03\/wp-json\/wp\/v2\/pages\/2449","dynamic-page":"no","astra-page-url":"\/\/websitedemos.net\/lotus-spa-03\/contact\/","astra-sites-tag":{"415":"contact"},"site-pages-type":"agency-mini","site-pages-page-builder":"beaver-builder","site-pages-category":[],"site-pages-parent-category":{"60":"business"},"required-plugins":[{"slug":"beaver-builder-lite-version","init":"beaver-builder-lite-version\/fl-builder.php","name":"Beaver Builder Plugin (Lite Version)"},{"slug":"bb-ultimate-addon","init":"bb-ultimate-addon\/bb-ultimate-addon.php","name":"Ultimate Addons for Beaver Builder"},{"slug":"wpforms-lite","init":"wpforms-lite\/wpforms.php","name":"WPForms Lite"}]}},"related-bb-template":"","related-elementor-template":"","related-gutenberg-template":"","related_ecommerce_template":"","ecommerce_parent_template":""},"id-17524":{"title":"Dental Clinic","id":17524,"publish-date":1505903441,"featured-image-url":"https:\/\/websitedemos.net\/wp-content\/uploads\/2019\/07\/dental-01-homepage.jpg","thumbnail-image-url":"https:\/\/websitedemos.net\/wp-content\/uploads\/2019\/07\/dental-01-homepage.jpg","fullpage-thumbnail-image-url":"https:\/\/websitedemos.net\/wp-content\/uploads\/2019\/07\/dental-01-homepage.jpg","astra-site-url":"\/\/websitedemos.net\/dental-01","astra-site-parent-id":229,"astra-sites-tag":{"623":"dentist","601":"doctor","604":"healthcare","605":"hospital","399":"one-page","463":"single-page","607":"treatment"},"astra-sites-type":"free","astra-site-category":{"27":"business","39":"free"},"astra-sites-template-category":[],"astra-site-page-builder":"beaver-builder","categories":{"2490":"healthcare"},"required-plugins":[{"slug":"beaver-builder-lite-version","init":"beaver-builder-lite-version\/fl-builder.php","name":"Beaver Builder Plugin (Lite Version)"},{"slug":"ultimate-addons-for-beaver-builder-lite","init":"ultimate-addons-for-beaver-builder-lite\/bb-ultimate-addon.php","name":"Ultimate Addons for Beaver Builder - Lite"},{"slug":"wpforms-lite","init":"wpforms-lite\/wpforms.php","name":"WPForms Lite"}],"post-status":"publish","post-content":"","post-excerpt":"","pages":{"id-24462":{"title":"Home","featured-image-url":"https:\/\/websitedemos.net\/wp-content\/uploads\/2019\/07\/dental-01-homepage.jpg","thumbnail-image-url":"https:\/\/websitedemos.net\/wp-content\/uploads\/2019\/07\/dental-01-homepage.jpg","astra-page-api-url":"https:\/\/websitedemos.net\/dental-01\/wp-json\/wp\/v2\/pages\/6","dynamic-page":"no","astra-page-url":"\/\/websitedemos.net\/dental-01\/","astra-sites-tag":{"423":"home"},"site-pages-type":"free","site-pages-page-builder":"beaver-builder","site-pages-category":[],"site-pages-parent-category":{"60":"business","61":"free"},"required-plugins":[{"slug":"beaver-builder-lite-version","init":"beaver-builder-lite-version\/fl-builder.php","name":"Beaver Builder Plugin (Lite Version)"},{"slug":"ultimate-addons-for-beaver-builder-lite","init":"ultimate-addons-for-beaver-builder-lite\/bb-ultimate-addon.php","name":"Ultimate Addons for Beaver Builder - Lite"},{"slug":"wpforms-lite","init":"wpforms-lite\/wpforms.php","name":"WPForms Lite"}]}},"related-bb-template":"","related-elementor-template":"","related-gutenberg-template":"","related_ecommerce_template":"","ecommerce_parent_template":""}}