{"id":86459,"date":"2024-02-23T18:48:04","date_gmt":"2024-02-23T13:18:04","guid":{"rendered":"https:\/\/websitedemos.net\/?post_type=astra-sites&#038;p=86459"},"modified":"2024-08-23T11:17:36","modified_gmt":"2024-08-23T05:47:36","slug":"pub-and-bar-2","status":"publish","type":"astra-sites","link":"https:\/\/websitedemos.net\/astra-site\/pub-and-bar-2\/","title":{"rendered":"Pub and Bar"},"content":{"rendered":"","protected":false},"excerpt":{"rendered":"","protected":false},"author":200,"featured_media":87141,"template":"","meta":{"_acf_changed":false,"inline_featured_image":false,"_uag_custom_page_level_css":"","site-sidebar-layout":"default","site-content-layout":"","ast-site-content-layout":"default","site-content-style":"default","site-sidebar-style":"default","ast-global-header-display":"","ast-banner-title-visibility":"","ast-main-header-display":"","ast-hfb-above-header-display":"","ast-hfb-below-header-display":"","ast-hfb-mobile-header-display":"","site-post-title":"","ast-breadcrumbs-content":"","ast-featured-img":"","footer-sml-layout":"","theme-transparent-header-meta":"","adv-header-id-meta":"","stick-header-meta":"","header-above-stick-meta":"","header-main-stick-meta":"","header-below-stick-meta":"","astra-migrate-meta-layouts":"set","ast-page-background-enabled":"default","ast-page-background-meta":{"desktop":{"background-color":"","background-image":"","background-repeat":"repeat","background-position":"center center","background-size":"auto","background-attachment":"scroll","background-type":"","background-media":"","overlay-type":"","overlay-color":"","overlay-opacity":"","overlay-gradient":""},"tablet":{"background-color":"","background-image":"","background-repeat":"repeat","background-position":"center center","background-size":"auto","background-attachment":"scroll","background-type":"","background-media":"","overlay-type":"","overlay-color":"","overlay-opacity":"","overlay-gradient":""},"mobile":{"background-color":"","background-image":"","background-repeat":"repeat","background-position":"center center","background-size":"auto","background-attachment":"scroll","background-type":"","background-media":"","overlay-type":"","overlay-color":"","overlay-opacity":"","overlay-gradient":""}},"ast-content-background-meta":{"desktop":{"background-color":"var(--ast-global-color-5)","background-image":"","background-repeat":"repeat","background-position":"center center","background-size":"auto","background-attachment":"scroll","background-type":"","background-media":"","overlay-type":"","overlay-color":"","overlay-opacity":"","overlay-gradient":""},"tablet":{"background-color":"var(--ast-global-color-5)","background-image":"","background-repeat":"repeat","background-position":"center center","background-size":"auto","background-attachment":"scroll","background-type":"","background-media":"","overlay-type":"","overlay-color":"","overlay-opacity":"","overlay-gradient":""},"mobile":{"background-color":"var(--ast-global-color-5)","background-image":"","background-repeat":"repeat","background-position":"center center","background-size":"auto","background-attachment":"scroll","background-type":"","background-media":"","overlay-type":"","overlay-color":"","overlay-opacity":"","overlay-gradient":""}},"footnotes":""},"astra-site-category":[27],"astra-sites-template-category":[2777,2769,2785,2776,2813],"astra-sites-type":[40],"astra-site-page-builder":[42],"astra-sites-tag":[2009,2007,2010,1988,562,635,1989,882,350,657,1844,1983,2008,335],"astra-sites-site-category":[3430,2496],"class_list":["post-86459","astra-sites","type-astra-sites","status-publish","has-post-thumbnail","hentry","astra-site-category-business","astra-sites-template-category-business","astra-sites-template-category-ecommerce","astra-sites-template-category-food","astra-sites-template-category-restaurant","astra-sites-template-category-winery","astra-sites-type-agency-mini","astra-site-page-builder-gutenberg","astra-sites-tag-bar-room","astra-sites-tag-barbeque-restaurant","astra-sites-tag-beer-bar","astra-sites-tag-beer-joint","astra-sites-tag-bistro","astra-sites-tag-brewery","astra-sites-tag-cocktail-lounge","astra-sites-tag-drinks","astra-sites-tag-hotel","astra-sites-tag-lounge","astra-sites-tag-premium","astra-sites-tag-pub","astra-sites-tag-pub-and-bar","astra-sites-tag-restaurant","astra-sites-site-category-dark","astra-sites-site-category-restaurant-food"],"acf":{"related_ecommerce_template":"","ecommerce_parent_template":""},"yoast_head":"<!-- This site is optimized with the Yoast SEO plugin v23.4 - https:\/\/yoast.com\/wordpress\/plugins\/seo\/ -->\n<title>Pub and Bar - Website Demos<\/title>\n<meta name=\"robots\" content=\"noindex, follow, max-snippet:-1, max-image-preview:large, max-video-preview:-1\" \/>\n<meta property=\"og:locale\" content=\"en_US\" \/>\n<meta property=\"og:type\" content=\"article\" \/>\n<meta property=\"og:title\" content=\"Pub and Bar - Website Demos\" \/>\n<meta property=\"og:url\" content=\"https:\/\/websitedemos.net\/astra-site\/pub-and-bar-2\/\" \/>\n<meta property=\"og:site_name\" content=\"Website Demos\" \/>\n<meta property=\"article:modified_time\" content=\"2024-08-23T05:47:36+00:00\" \/>\n<meta property=\"og:image\" content=\"https:\/\/websitedemos.net\/wp-content\/uploads\/2024\/02\/pub-and-bar-07.jpg\" \/>\n\t<meta property=\"og:image:width\" content=\"1200\" \/>\n\t<meta property=\"og:image:height\" content=\"6047\" \/>\n\t<meta property=\"og:image:type\" content=\"image\/jpeg\" \/>\n<meta name=\"twitter:card\" content=\"summary_large_image\" \/>\n<meta name=\"twitter:label1\" content=\"Est. reading time\" \/>\n\t<meta name=\"twitter:data1\" content=\"1 minute\" \/>\n<script type=\"application\/ld+json\" class=\"yoast-schema-graph\">{\"@context\":\"https:\/\/schema.org\",\"@graph\":[{\"@type\":\"WebPage\",\"@id\":\"https:\/\/websitedemos.net\/astra-site\/pub-and-bar-2\/\",\"url\":\"https:\/\/websitedemos.net\/astra-site\/pub-and-bar-2\/\",\"name\":\"Pub and Bar - Website Demos\",\"isPartOf\":{\"@id\":\"https:\/\/websitedemos.net\/#website\"},\"primaryImageOfPage\":{\"@id\":\"https:\/\/websitedemos.net\/astra-site\/pub-and-bar-2\/#primaryimage\"},\"image\":{\"@id\":\"https:\/\/websitedemos.net\/astra-site\/pub-and-bar-2\/#primaryimage\"},\"thumbnailUrl\":\"https:\/\/websitedemos.net\/wp-content\/uploads\/2024\/02\/pub-and-bar-07.jpg\",\"datePublished\":\"2024-02-23T13:18:04+00:00\",\"dateModified\":\"2024-08-23T05:47:36+00:00\",\"breadcrumb\":{\"@id\":\"https:\/\/websitedemos.net\/astra-site\/pub-and-bar-2\/#breadcrumb\"},\"inLanguage\":\"en-US\",\"potentialAction\":[{\"@type\":\"ReadAction\",\"target\":[\"https:\/\/websitedemos.net\/astra-site\/pub-and-bar-2\/\"]}]},{\"@type\":\"ImageObject\",\"inLanguage\":\"en-US\",\"@id\":\"https:\/\/websitedemos.net\/astra-site\/pub-and-bar-2\/#primaryimage\",\"url\":\"https:\/\/websitedemos.net\/wp-content\/uploads\/2024\/02\/pub-and-bar-07.jpg\",\"contentUrl\":\"https:\/\/websitedemos.net\/wp-content\/uploads\/2024\/02\/pub-and-bar-07.jpg\",\"width\":1200,\"height\":6047},{\"@type\":\"BreadcrumbList\",\"@id\":\"https:\/\/websitedemos.net\/astra-site\/pub-and-bar-2\/#breadcrumb\",\"itemListElement\":[{\"@type\":\"ListItem\",\"position\":1,\"name\":\"Home\",\"item\":\"https:\/\/websitedemos.net\/\"},{\"@type\":\"ListItem\",\"position\":2,\"name\":\"Astra Sites\",\"item\":\"https:\/\/websitedemos.net\/astra-site\/\"},{\"@type\":\"ListItem\",\"position\":3,\"name\":\"Pub and Bar\"}]},{\"@type\":\"WebSite\",\"@id\":\"https:\/\/websitedemos.net\/#website\",\"url\":\"https:\/\/websitedemos.net\/\",\"name\":\"Website Demos\",\"description\":\"The Fastest, Lightweight Ready Websites\",\"potentialAction\":[{\"@type\":\"SearchAction\",\"target\":{\"@type\":\"EntryPoint\",\"urlTemplate\":\"https:\/\/websitedemos.net\/?s={search_term_string}\"},\"query-input\":{\"@type\":\"PropertyValueSpecification\",\"valueRequired\":true,\"valueName\":\"search_term_string\"}}],\"inLanguage\":\"en-US\"}]}<\/script>\n<!-- \/ Yoast SEO plugin. -->","yoast_head_json":{"title":"Pub and Bar - Website Demos","robots":{"index":"noindex","follow":"follow","max-snippet":"max-snippet:-1","max-image-preview":"max-image-preview:large","max-video-preview":"max-video-preview:-1"},"og_locale":"en_US","og_type":"article","og_title":"Pub and Bar - Website Demos","og_url":"https:\/\/websitedemos.net\/astra-site\/pub-and-bar-2\/","og_site_name":"Website Demos","article_modified_time":"2024-08-23T05:47:36+00:00","og_image":[{"width":1200,"height":6047,"url":"https:\/\/websitedemos.net\/wp-content\/uploads\/2024\/02\/pub-and-bar-07.jpg","type":"image\/jpeg"}],"twitter_card":"summary_large_image","twitter_misc":{"Est. reading time":"1 minute"},"schema":{"@context":"https:\/\/schema.org","@graph":[{"@type":"WebPage","@id":"https:\/\/websitedemos.net\/astra-site\/pub-and-bar-2\/","url":"https:\/\/websitedemos.net\/astra-site\/pub-and-bar-2\/","name":"Pub and Bar - Website Demos","isPartOf":{"@id":"https:\/\/websitedemos.net\/#website"},"primaryImageOfPage":{"@id":"https:\/\/websitedemos.net\/astra-site\/pub-and-bar-2\/#primaryimage"},"image":{"@id":"https:\/\/websitedemos.net\/astra-site\/pub-and-bar-2\/#primaryimage"},"thumbnailUrl":"https:\/\/websitedemos.net\/wp-content\/uploads\/2024\/02\/pub-and-bar-07.jpg","datePublished":"2024-02-23T13:18:04+00:00","dateModified":"2024-08-23T05:47:36+00:00","breadcrumb":{"@id":"https:\/\/websitedemos.net\/astra-site\/pub-and-bar-2\/#breadcrumb"},"inLanguage":"en-US","potentialAction":[{"@type":"ReadAction","target":["https:\/\/websitedemos.net\/astra-site\/pub-and-bar-2\/"]}]},{"@type":"ImageObject","inLanguage":"en-US","@id":"https:\/\/websitedemos.net\/astra-site\/pub-and-bar-2\/#primaryimage","url":"https:\/\/websitedemos.net\/wp-content\/uploads\/2024\/02\/pub-and-bar-07.jpg","contentUrl":"https:\/\/websitedemos.net\/wp-content\/uploads\/2024\/02\/pub-and-bar-07.jpg","width":1200,"height":6047},{"@type":"BreadcrumbList","@id":"https:\/\/websitedemos.net\/astra-site\/pub-and-bar-2\/#breadcrumb","itemListElement":[{"@type":"ListItem","position":1,"name":"Home","item":"https:\/\/websitedemos.net\/"},{"@type":"ListItem","position":2,"name":"Astra Sites","item":"https:\/\/websitedemos.net\/astra-site\/"},{"@type":"ListItem","position":3,"name":"Pub and Bar"}]},{"@type":"WebSite","@id":"https:\/\/websitedemos.net\/#website","url":"https:\/\/websitedemos.net\/","name":"Website Demos","description":"The Fastest, Lightweight Ready Websites","potentialAction":[{"@type":"SearchAction","target":{"@type":"EntryPoint","urlTemplate":"https:\/\/websitedemos.net\/?s={search_term_string}"},"query-input":{"@type":"PropertyValueSpecification","valueRequired":true,"valueName":"search_term_string"}}],"inLanguage":"en-US"}]}},"uagb_featured_image_src":{"full":["https:\/\/websitedemos.net\/wp-content\/uploads\/2024\/02\/pub-and-bar-07.jpg",1200,6047,false],"thumbnail":["https:\/\/websitedemos.net\/wp-content\/uploads\/2024\/02\/pub-and-bar-07-150x150.jpg",150,150,true],"medium":["https:\/\/websitedemos.net\/wp-content\/uploads\/2024\/02\/pub-and-bar-07-60x300.jpg",60,300,true],"medium_large":["https:\/\/websitedemos.net\/wp-content\/uploads\/2024\/02\/pub-and-bar-07-768x3870.jpg",768,3870,true],"large":["https:\/\/websitedemos.net\/wp-content\/uploads\/2024\/02\/pub-and-bar-07-203x1024.jpg",203,1024,true],"1536x1536":["https:\/\/websitedemos.net\/wp-content\/uploads\/2024\/02\/pub-and-bar-07-305x1536.jpg",305,1536,true],"2048x2048":["https:\/\/websitedemos.net\/wp-content\/uploads\/2024\/02\/pub-and-bar-07-406x2048.jpg",406,2048,true],"astra-sites-grid-thumbnail":["https:\/\/websitedemos.net\/wp-content\/uploads\/2024\/02\/pub-and-bar-07-600x3024.jpg",600,3024,true],"astra-sites-fullpage-grid-thumbnail":["https:\/\/websitedemos.net\/wp-content\/uploads\/2024\/02\/pub-and-bar-07-400x2016.jpg",400,2016,true]},"uagb_author_info":{"display_name":"amitm","author_link":"https:\/\/websitedemos.net\/author\/amitm\/"},"uagb_comment_info":0,"uagb_excerpt":null,"astra-site-type":"premium","astra-site-thumbnail":"https:\/\/websitedemos.net\/wp-content\/uploads\/2024\/02\/pub-and-bar-07-400x2016.jpg","required-plugins":null,"astra-site-url":"\/\/websitedemos.net\/pub-and-bar-07","astra-site-open-in-new-tab":"0","astra-site-color-scheme":"dark","astra-site-widgets-data":null,"astra-site-customizer-data":{"astra-settings":{"body-font-family":"'Poppins', sans-serif","body-font-variant":"400,600","body-font-weight":"400","font-size-body":{"desktop":"16","tablet":"15","mobile":"14","desktop-unit":"px","tablet-unit":"px","mobile-unit":"px"},"headings-font-family":"'Bebas Neue', display","headings-font-weight":"400","global-color-palette":{"labels":["Theme Color","Link Hover Color","Heading Color","Text Color","Background Color","Extra Color 1","Extra Color 2","Extra Color 3","Extra Color 4"],"palette":["#18c67e","#0e9c62","#ffffff","#dee3e1","#171c1a","#1c1c1c","#ff893c","#1c1c1c","#3e4643"],"flag":false},"headings-font-variant":"400","headings-line-height":1.1},"custom-css":""},"astra-site-spectra-options":null,"astra-site-surecart-settings":null,"astra-site-options-data":null,"astra-site-wxr-path":null,"astra-site-give-path":null,"astra-enabled-extensions":null,"astra-custom-404":null,"featured-image-url":"https:\/\/websitedemos.net\/wp-content\/uploads\/2024\/02\/pub-and-bar-07.jpg","astra-woocommerce-csv-path":"","astra-post-data-mapping":null,"astra-site-wpforms-path":null,"astra-site-cartflows-path":null,"astra-site-taxonomy-mapping":null,"astra-site-parent-id":null,"license-status":"upgrade","request_time":0.042868852615356445,"astra-custom-palettes":[],"_links":{"self":[{"href":"https:\/\/websitedemos.net\/wp-json\/wp\/v2\/astra-sites\/86459"}],"collection":[{"href":"https:\/\/websitedemos.net\/wp-json\/wp\/v2\/astra-sites"}],"about":[{"href":"https:\/\/websitedemos.net\/wp-json\/wp\/v2\/types\/astra-sites"}],"author":[{"embeddable":true,"href":"https:\/\/websitedemos.net\/wp-json\/wp\/v2\/users\/200"}],"version-history":[{"count":1,"href":"https:\/\/websitedemos.net\/wp-json\/wp\/v2\/astra-sites\/86459\/revisions"}],"predecessor-version":[{"id":86466,"href":"https:\/\/websitedemos.net\/wp-json\/wp\/v2\/astra-sites\/86459\/revisions\/86466"}],"wp:featuredmedia":[{"embeddable":true,"href":"https:\/\/websitedemos.net\/wp-json\/wp\/v2\/media\/87141"}],"wp:attachment":[{"href":"https:\/\/websitedemos.net\/wp-json\/wp\/v2\/media?parent=86459"}],"wp:term":[{"taxonomy":"astra-site-category","embeddable":true,"href":"https:\/\/websitedemos.net\/wp-json\/wp\/v2\/astra-site-category?post=86459"},{"taxonomy":"astra-sites-template-category","embeddable":true,"href":"https:\/\/websitedemos.net\/wp-json\/wp\/v2\/astra-sites-template-category?post=86459"},{"taxonomy":"astra-sites-type","embeddable":true,"href":"https:\/\/websitedemos.net\/wp-json\/wp\/v2\/astra-sites-type?post=86459"},{"taxonomy":"astra-site-page-builder","embeddable":true,"href":"https:\/\/websitedemos.net\/wp-json\/wp\/v2\/astra-site-page-builder?post=86459"},{"taxonomy":"astra-sites-tag","embeddable":true,"href":"https:\/\/websitedemos.net\/wp-json\/wp\/v2\/astra-sites-tag?post=86459"},{"taxonomy":"astra-sites-site-category","embeddable":true,"href":"https:\/\/websitedemos.net\/wp-json\/wp\/v2\/astra-sites-site-category?post=86459"}],"curies":[{"name":"wp","href":"https:\/\/api.w.org\/{rel}","templated":true}]}}