{"id-84975":{"title":"Language Tutors","id":84975,"publish-date":1702473877,"featured-image-url":"https:\/\/websitedemos.net\/wp-content\/uploads\/2023\/12\/language-tutors-02.jpg","thumbnail-image-url":"https:\/\/websitedemos.net\/wp-content\/uploads\/2023\/12\/language-tutors-02-600x2574.jpg","fullpage-thumbnail-image-url":"https:\/\/websitedemos.net\/wp-content\/uploads\/2023\/12\/language-tutors-02-400x1716.jpg","astra-site-url":"\/\/websitedemos.net\/language-tutors-02","astra-site-parent-id":3401,"astra-sites-tag":{"2747":"language","2749":"language-tutor","719":"online-coaching","466":"online-courses","975":"online-learning","2748":"tutor","720":"tutorials"},"astra-sites-type":"free","astra-site-category":{"27":"business","39":"free"},"astra-sites-template-category":{"2772":"education","2835":"elearning","2873":"tutor"},"astra-site-page-builder":"elementor","categories":{"3427":"default","2494":"elearning","3428":"free"},"required-plugins":[{"slug":"elementor","init":"elementor\/elementor.php","name":"Elementor"},{"slug":"wpforms-lite","init":"wpforms-lite\/wpforms.php","name":"WPForms Lite"},{"slug":"header-footer-elementor","init":"header-footer-elementor\/header-footer-elementor.php","name":"Elementor Header & Footer Builder"}],"post-status":"publish","post-content":"<!-- wp:paragraph -->\n<p>The Language Tutor template has a smart, crisp look, with a large hero section and muted colors with a bold contrast color. It looks professional and is designed to help you showcase your language skills or promote a language school.<\/p>\n<!-- \/wp:paragraph -->\n\n<!-- wp:paragraph -->\n<p>The template features a natural color palette with pops of green and blue, which will be sure to make your website feel like a tranquil escape. The template has been carefully crafted to exhibit your services in the most elegant way possible.<\/p>\n<!-- \/wp:paragraph -->\n\n<!-- wp:heading -->\n<h2 class=\"wp-block-heading\"><strong>Key features of the Language Tutor template<\/strong><\/h2>\n<!-- \/wp:heading -->\n\n<!-- wp:list -->\n<ul><!-- wp:list-item -->\n<li>Inspired and inspiring website template<\/li>\n<!-- \/wp:list-item -->\n\n<!-- wp:list-item -->\n<li>Muted color palette with bold contrast color<\/li>\n<!-- \/wp:list-item -->\n\n<!-- wp:list-item -->\n<li>Includes all elements a typical language tutor needs<\/li>\n<!-- \/wp:list-item -->\n\n<!-- wp:list-item -->\n<li>Fully responsive and SEO friendly<\/li>\n<!-- \/wp:list-item -->\n\n<!-- wp:list-item -->\n<li>Compatible with leading page builders<\/li>\n<!-- \/wp:list-item --><\/ul>\n<!-- \/wp:list -->","post-excerpt":"Language Tutor template to help you share your knowledge with ease","pages":{"id-84979":{"title":"Home","featured-image-url":"https:\/\/websitedemos.net\/wp-content\/uploads\/2023\/12\/language-tutors-02.jpg","thumbnail-image-url":"https:\/\/websitedemos.net\/wp-content\/uploads\/2023\/12\/language-tutors-02-600x2574.jpg","astra-page-api-url":"https:\/\/websitedemos.net\/language-tutors-02\/wp-json\/wp\/v2\/pages\/5","dynamic-page":"no","astra-page-url":"\/\/websitedemos.net\/language-tutors-02\/","astra-sites-tag":{"423":"home"},"site-pages-type":"free","site-pages-page-builder":"elementor","site-pages-category":[],"site-pages-parent-category":{"60":"business","61":"free"},"required-plugins":[{"slug":"elementor","init":"elementor\/elementor.php","name":"Elementor"},{"slug":"header-footer-elementor","init":"header-footer-elementor\/header-footer-elementor.php","name":"Elementor Header & Footer Builder"}]},"id-84976":{"title":"About","featured-image-url":"https:\/\/websitedemos.net\/wp-content\/uploads\/2023\/12\/language-tutors-02-about.jpg","thumbnail-image-url":"https:\/\/websitedemos.net\/wp-content\/uploads\/2023\/12\/language-tutors-02-about-600x1790.jpg","astra-page-api-url":"https:\/\/websitedemos.net\/language-tutors-02\/wp-json\/wp\/v2\/pages\/10","dynamic-page":"no","astra-page-url":"\/\/websitedemos.net\/language-tutors-02\/about\/","astra-sites-tag":{"352":"about"},"site-pages-type":"free","site-pages-page-builder":"elementor","site-pages-category":[],"site-pages-parent-category":{"60":"business","61":"free"},"required-plugins":[{"slug":"elementor","init":"elementor\/elementor.php","name":"Elementor"},{"slug":"header-footer-elementor","init":"header-footer-elementor\/header-footer-elementor.php","name":"Elementor Header & Footer Builder"}]},"id-84978":{"title":"Courses","featured-image-url":"https:\/\/websitedemos.net\/wp-content\/uploads\/2023\/12\/language-tutors-02-courses.jpg","thumbnail-image-url":"https:\/\/websitedemos.net\/wp-content\/uploads\/2023\/12\/language-tutors-02-courses-600x1439.jpg","astra-page-api-url":"https:\/\/websitedemos.net\/language-tutors-02\/wp-json\/wp\/v2\/pages\/8","dynamic-page":"no","astra-page-url":"\/\/websitedemos.net\/language-tutors-02\/courses\/","astra-sites-tag":{"462":"courses"},"site-pages-type":"free","site-pages-page-builder":"elementor","site-pages-category":[],"site-pages-parent-category":{"60":"business","61":"free"},"required-plugins":[{"slug":"elementor","init":"elementor\/elementor.php","name":"Elementor"},{"slug":"header-footer-elementor","init":"header-footer-elementor\/header-footer-elementor.php","name":"Elementor Header & Footer Builder"}]},"id-84980":{"title":"Our Teachers","featured-image-url":"https:\/\/websitedemos.net\/wp-content\/uploads\/2023\/12\/language-tutors-02-our-teacher.jpg","thumbnail-image-url":"https:\/\/websitedemos.net\/wp-content\/uploads\/2023\/12\/language-tutors-02-our-teacher-600x1709.jpg","astra-page-api-url":"https:\/\/websitedemos.net\/language-tutors-02\/wp-json\/wp\/v2\/pages\/133","dynamic-page":"no","astra-page-url":"\/\/websitedemos.net\/language-tutors-02\/our-teachers\/","astra-sites-tag":{"2751":"our-teachers"},"site-pages-type":"free","site-pages-page-builder":"elementor","site-pages-category":[],"site-pages-parent-category":{"60":"business","61":"free"},"required-plugins":[{"slug":"elementor","init":"elementor\/elementor.php","name":"Elementor"},{"slug":"header-footer-elementor","init":"header-footer-elementor\/header-footer-elementor.php","name":"Elementor Header & Footer Builder"}]},"id-84977":{"title":"Contact","featured-image-url":"https:\/\/websitedemos.net\/wp-content\/uploads\/2023\/12\/language-tutors-02-contact.jpg","thumbnail-image-url":"https:\/\/websitedemos.net\/wp-content\/uploads\/2023\/12\/language-tutors-02-contact-600x1267.jpg","astra-page-api-url":"https:\/\/websitedemos.net\/language-tutors-02\/wp-json\/wp\/v2\/pages\/12","dynamic-page":"no","astra-page-url":"\/\/websitedemos.net\/language-tutors-02\/contact\/","astra-sites-tag":{"415":"contact"},"site-pages-type":"free","site-pages-page-builder":"elementor","site-pages-category":[],"site-pages-parent-category":{"60":"business","61":"free"},"required-plugins":[{"slug":"elementor","init":"elementor\/elementor.php","name":"Elementor"},{"slug":"header-footer-elementor","init":"header-footer-elementor\/header-footer-elementor.php","name":"Elementor Header & Footer Builder"},{"slug":"wpforms-lite","init":"wpforms-lite\/wpforms.php","name":"WPForms Lite"}]}},"related-bb-template":"","related-elementor-template":84975,"related-gutenberg-template":71341,"related_ecommerce_template":"","ecommerce_parent_template":""},"id-60407":{"title":"Digital Download Store","id":60407,"publish-date":1701885694,"featured-image-url":"https:\/\/websitedemos.net\/wp-content\/uploads\/2022\/04\/digital-download-store-02.jpg","thumbnail-image-url":"https:\/\/websitedemos.net\/wp-content\/uploads\/2022\/04\/digital-download-store-02-600x4132.jpg","fullpage-thumbnail-image-url":"https:\/\/websitedemos.net\/wp-content\/uploads\/2022\/04\/digital-download-store-02-400x2754.jpg","astra-site-url":"\/\/websitedemos.net\/digital-download-store-02","astra-site-parent-id":2719,"astra-sites-tag":{"2720":"digital","2724":"digital-download","496":"ecommerce","1817":"ecommerce-store","3416":"elementor","383":"online-store","2722":"plugin","967":"product-store","749":"store","2721":"theme","1024":"woocommerce","2723":"wordpress"},"astra-sites-type":"free","astra-site-category":{"38":"ecommerce","39":"free"},"astra-sites-template-category":{"2769":"ecommerce","2835":"elearning","2857":"online-shopping"},"astra-site-page-builder":"elementor","categories":{"3427":"default","2495":"ecommerce","3428":"free","2499":"technology"},"required-plugins":[{"slug":"easy-digital-downloads","init":"easy-digital-downloads\/easy-digital-downloads.php","name":"Easy Digital Downloads"},{"slug":"elementor","init":"elementor\/elementor.php","name":"Elementor"},{"slug":"wpforms-lite","init":"wpforms-lite\/wpforms.php","name":"WPForms Lite"},{"slug":"checkout-plugins-stripe-woo","init":"checkout-plugins-stripe-woo\/checkout-plugins-stripe-woo.php","name":"Checkout Plugins - Stripe for WooCommerce"}],"post-status":"publish","post-content":"<!-- wp:paragraph -->\n<p>The Digital Download Store template is a crisp, clean design with engaging colors and images and all the ingredients an online store needs. It has a compelling hero section with call to action, trust signals above the fold and lots of space to showcase your products.<\/p>\n<!-- \/wp:paragraph -->\n\n<!-- wp:paragraph -->\n<p>Product pages are simple and attractive, designed to let the product shine and convert customers. Cart pages, the checkout page, contact form and all supplementary pages reflect the clean design with minimum distractions.<\/p>\n<!-- \/wp:paragraph -->\n\n<!-- wp:heading -->\n<h2 class=\"wp-block-heading\"><strong>Key features of the Digital Download Store template<\/strong><\/h2>\n<!-- \/wp:heading -->\n\n<!-- wp:list -->\n<ul><!-- wp:list-item -->\n<li>Clean modern design for eCommerce stores<\/li>\n<!-- \/wp:list-item -->\n\n<!-- wp:list-item -->\n<li>Supports digital downloads and physical products<\/li>\n<!-- \/wp:list-item -->\n\n<!-- wp:list-item -->\n<li>Attractive product pages<\/li>\n<!-- \/wp:list-item -->\n\n<!-- wp:list-item -->\n<li>Exceptional customer journey throughout the store<\/li>\n<!-- \/wp:list-item -->\n\n<!-- wp:list-item -->\n<li>Full compatibility with leading page builders<\/li>\n<!-- \/wp:list-item --><\/ul>\n<!-- \/wp:list -->","post-excerpt":"The Digital Download Store template is a high performance design for eCommerce stores. ","pages":{"id-92652":{"title":"My account","featured-image-url":"","thumbnail-image-url":"","astra-page-api-url":"https:\/\/websitedemos.net\/digital-download-store-02\/wp-json\/wp\/v2\/pages\/1351","dynamic-page":"no","astra-page-url":"\/\/websitedemos.net\/digital-download-store-02\/my-account\/","astra-sites-tag":[],"site-pages-type":"free","site-pages-page-builder":"gutenberg","site-pages-category":[],"site-pages-parent-category":{"64":"ecommerce","61":"free"},"required-plugins":""},"id-92653":{"title":"Shop","featured-image-url":"","thumbnail-image-url":"","astra-page-api-url":"https:\/\/websitedemos.net\/digital-download-store-02\/wp-json\/wp\/v2\/pages\/1348","dynamic-page":"no","astra-page-url":"\/\/websitedemos.net\/digital-download-store-02\/shop\/","astra-sites-tag":[],"site-pages-type":"free","site-pages-page-builder":"gutenberg","site-pages-category":[],"site-pages-parent-category":{"64":"ecommerce","61":"free"},"required-plugins":""},"id-92650":{"title":"Cart","featured-image-url":"","thumbnail-image-url":"","astra-page-api-url":"https:\/\/websitedemos.net\/digital-download-store-02\/wp-json\/wp\/v2\/pages\/1349","dynamic-page":"no","astra-page-url":"\/\/websitedemos.net\/digital-download-store-02\/cart\/","astra-sites-tag":[],"site-pages-type":"free","site-pages-page-builder":"gutenberg","site-pages-category":[],"site-pages-parent-category":{"64":"ecommerce","61":"free"},"required-plugins":""},"id-92651":{"title":"Checkout","featured-image-url":"","thumbnail-image-url":"","astra-page-api-url":"https:\/\/websitedemos.net\/digital-download-store-02\/wp-json\/wp\/v2\/pages\/1350","dynamic-page":"no","astra-page-url":"\/\/websitedemos.net\/digital-download-store-02\/checkout-2\/","astra-sites-tag":[],"site-pages-type":"free","site-pages-page-builder":"gutenberg","site-pages-category":[],"site-pages-parent-category":{"64":"ecommerce","61":"free"},"required-plugins":""},"id-60410":{"title":"Home","featured-image-url":"https:\/\/websitedemos.net\/wp-content\/uploads\/2022\/04\/digital-download-store-02.jpg","thumbnail-image-url":"https:\/\/websitedemos.net\/wp-content\/uploads\/2022\/04\/digital-download-store-02-600x4132.jpg","astra-page-api-url":"https:\/\/websitedemos.net\/digital-download-store-02\/wp-json\/wp\/v2\/pages\/49","dynamic-page":"yes","astra-page-url":"\/\/websitedemos.net\/digital-download-store-02\/","astra-sites-tag":{"2720":"digital","2724":"digital-download","664":"digital-services","496":"ecommerce","1817":"ecommerce-store","423":"home","814":"homepage","383":"online-store","2722":"plugin","967":"product-store","749":"store","2721":"theme","2723":"wordpress"},"site-pages-type":"free","site-pages-page-builder":"elementor","site-pages-category":[],"site-pages-parent-category":{"64":"ecommerce","61":"free"},"required-plugins":[{"slug":"easy-digital-downloads","init":"easy-digital-downloads\/easy-digital-downloads.php","name":"Easy Digital Downloads"},{"slug":"elementor","init":"elementor\/elementor.php","name":"Elementor"}]},"id-60408":{"title":"About","featured-image-url":"https:\/\/websitedemos.net\/wp-content\/uploads\/2022\/04\/digital-download-store-about-02.jpg","thumbnail-image-url":"https:\/\/websitedemos.net\/wp-content\/uploads\/2022\/04\/digital-download-store-about-02-600x2112.jpg","astra-page-api-url":"https:\/\/websitedemos.net\/digital-download-store-02\/wp-json\/wp\/v2\/pages\/550","dynamic-page":"no","astra-page-url":"\/\/websitedemos.net\/digital-download-store-02\/about\/","astra-sites-tag":{"352":"about","455":"about-us","2720":"digital","2724":"digital-download","664":"digital-services","496":"ecommerce","1817":"ecommerce-store","383":"online-store","2722":"plugin","967":"product-store","749":"store","2721":"theme","628":"what-we-do","1542":"what-we-offer","2723":"wordpress"},"site-pages-type":"free","site-pages-page-builder":"elementor","site-pages-category":[],"site-pages-parent-category":{"64":"ecommerce","61":"free"},"required-plugins":[{"slug":"elementor","init":"elementor\/elementor.php","name":"Elementor"}]},"id-60409":{"title":"Contact","featured-image-url":"https:\/\/websitedemos.net\/wp-content\/uploads\/2022\/04\/digital-download-store-contact-02.jpg","thumbnail-image-url":"https:\/\/websitedemos.net\/wp-content\/uploads\/2022\/04\/digital-download-store-contact-02-600x1290.jpg","astra-page-api-url":"https:\/\/websitedemos.net\/digital-download-store-02\/wp-json\/wp\/v2\/pages\/682","dynamic-page":"no","astra-page-url":"\/\/websitedemos.net\/digital-download-store-02\/contact\/","astra-sites-tag":{"415":"contact","454":"contact-us","2720":"digital","2724":"digital-download","664":"digital-services","496":"ecommerce","1817":"ecommerce-store","383":"online-store","2722":"plugin","967":"product-store","749":"store","2721":"theme","2723":"wordpress"},"site-pages-type":"free","site-pages-page-builder":"elementor","site-pages-category":[],"site-pages-parent-category":{"64":"ecommerce","61":"free"},"required-plugins":[{"slug":"elementor","init":"elementor\/elementor.php","name":"Elementor"},{"slug":"wpforms-lite","init":"wpforms-lite\/wpforms.php","name":"WPForms Lite"}]}},"related-bb-template":"","related-elementor-template":60407,"related-gutenberg-template":"","related_ecommerce_template":"","ecommerce_parent_template":""},"id-60361":{"title":"Home and Garden Decor","id":60361,"publish-date":1700650547,"featured-image-url":"https:\/\/websitedemos.net\/wp-content\/uploads\/2022\/04\/home-garden-decor-02.jpg","thumbnail-image-url":"https:\/\/websitedemos.net\/wp-content\/uploads\/2022\/04\/home-garden-decor-02-600x2687.jpg","fullpage-thumbnail-image-url":"https:\/\/websitedemos.net\/wp-content\/uploads\/2022\/04\/home-garden-decor-02-400x1791.jpg","astra-site-url":"\/\/websitedemos.net\/home-garden-decor-02","astra-site-parent-id":2704,"astra-sites-tag":{"496":"ecommerce","1817":"ecommerce-store","3416":"elementor","416":"garden-care","421":"garden-maintenance","420":"gardening","423":"home","862":"home-decor","1024":"woocommerce"},"astra-sites-type":"free","astra-site-category":{"38":"ecommerce","39":"free"},"astra-sites-template-category":{"2777":"business","2769":"ecommerce","2853":"florist-gardening"},"astra-site-page-builder":"elementor","categories":{"3427":"default","2495":"ecommerce","3428":"free","2476":"gardening"},"required-plugins":[{"slug":"elementor","init":"elementor\/elementor.php","name":"Elementor"},{"slug":"woocommerce","init":"woocommerce\/woocommerce.php","name":"WooCommerce"},{"slug":"wpforms-lite","init":"wpforms-lite\/wpforms.php","name":"WPForms Lite"},{"slug":"checkout-plugins-stripe-woo","init":"checkout-plugins-stripe-woo\/checkout-plugins-stripe-woo.php","name":"Checkout Plugins - Stripe for WooCommerce"}],"post-status":"publish","post-content":"<!-- wp:paragraph -->\n<p>The Home &amp; Garden D\u00e9cor template has a flat, modern feel with lots of whitespace, great colors and lots of opportunities to build a high conversion online store. The content blocks deliver lots of opportunities to showcase products, special offers and calls to action.<\/p>\n<!-- \/wp:paragraph -->\n\n<!-- wp:paragraph -->\n<p>The fully responsive template also includes attractive product pages, an effective cart page and a frictionless checkout page ready to sell. It looks amazing as it is but you can change everything you see using free tools.<\/p>\n<!-- \/wp:paragraph -->\n\n<!-- wp:heading -->\n<h2 class=\"wp-block-heading\"><strong>Key features of the Home &amp; Garden D\u00e9cor template<\/strong><\/h2>\n<!-- \/wp:heading -->\n\n<!-- wp:list -->\n<ul><!-- wp:list-item -->\n<li>Elegant eCommerce store template for home or garden<\/li>\n<!-- \/wp:list-item -->\n\n<!-- wp:list-item -->\n<li>Calm colors and welcoming layout<\/li>\n<!-- \/wp:list-item -->\n\n<!-- wp:list-item -->\n<li>Effective product, cart and checkout pages<\/li>\n<!-- \/wp:list-item -->\n\n<!-- wp:list-item -->\n<li>Customize everything you see on the page<\/li>\n<!-- \/wp:list-item -->\n\n<!-- wp:list-item -->\n<li>Full compatibility with leading page builders<\/li>\n<!-- \/wp:list-item --><\/ul>\n<!-- \/wp:list -->","post-excerpt":"Transform your living space into a sanctuary with our curated collection of exquisite home decor.","pages":{"id-60364":{"title":"Home","featured-image-url":"https:\/\/websitedemos.net\/wp-content\/uploads\/2022\/04\/home-garden-decor-02-1.jpg","thumbnail-image-url":"https:\/\/websitedemos.net\/wp-content\/uploads\/2022\/04\/home-garden-decor-02-1-600x2687.jpg","astra-page-api-url":"https:\/\/websitedemos.net\/home-garden-decor-02\/wp-json\/wp\/v2\/pages\/13","dynamic-page":"yes","astra-page-url":"\/\/websitedemos.net\/home-garden-decor-02\/","astra-sites-tag":{"496":"ecommerce","416":"garden-care","420":"gardening","2705":"gardening-plants","423":"home","862":"home-decor"},"site-pages-type":"free","site-pages-page-builder":"elementor","site-pages-category":[],"site-pages-parent-category":{"64":"ecommerce","61":"free"},"required-plugins":[{"slug":"elementor","init":"elementor\/elementor.php","name":"Elementor"},{"slug":"woocommerce","init":"woocommerce\/woocommerce.php","name":"WooCommerce"}]},"id-60362":{"title":"About","featured-image-url":"https:\/\/websitedemos.net\/wp-content\/uploads\/2022\/04\/home-garden-decor-02-about.jpg","thumbnail-image-url":"https:\/\/websitedemos.net\/wp-content\/uploads\/2022\/04\/home-garden-decor-02-about-600x1274.jpg","astra-page-api-url":"https:\/\/websitedemos.net\/home-garden-decor-02\/wp-json\/wp\/v2\/pages\/103","dynamic-page":"no","astra-page-url":"\/\/websitedemos.net\/home-garden-decor-02\/about\/","astra-sites-tag":{"352":"about","455":"about-us","496":"ecommerce","420":"gardening","862":"home-decor","1024":"woocommerce"},"site-pages-type":"free","site-pages-page-builder":"elementor","site-pages-category":[],"site-pages-parent-category":{"64":"ecommerce","61":"free"},"required-plugins":[{"slug":"elementor","init":"elementor\/elementor.php","name":"Elementor"}]},"id-60363":{"title":"Contact","featured-image-url":"https:\/\/websitedemos.net\/wp-content\/uploads\/2022\/04\/home-garden-decor-02-contact.jpg","thumbnail-image-url":"https:\/\/websitedemos.net\/wp-content\/uploads\/2022\/04\/home-garden-decor-02-contact-600x744.jpg","astra-page-api-url":"https:\/\/websitedemos.net\/home-garden-decor-02\/wp-json\/wp\/v2\/pages\/108","dynamic-page":"no","astra-page-url":"\/\/websitedemos.net\/home-garden-decor-02\/contact\/","astra-sites-tag":{"415":"contact","454":"contact-us","496":"ecommerce","416":"garden-care","420":"gardening","862":"home-decor"},"site-pages-type":"free","site-pages-page-builder":"elementor","site-pages-category":[],"site-pages-parent-category":{"64":"ecommerce","61":"free"},"required-plugins":[{"slug":"elementor","init":"elementor\/elementor.php","name":"Elementor"},{"slug":"wpforms-lite","init":"wpforms-lite\/wpforms.php","name":"WPForms Lite"}]}},"related-bb-template":"","related-elementor-template":60361,"related-gutenberg-template":69655,"related_ecommerce_template":"","ecommerce_parent_template":""},"id-60212":{"title":"Charity","id":60212,"publish-date":1704285764,"featured-image-url":"https:\/\/websitedemos.net\/wp-content\/uploads\/2022\/04\/charity.jpg","thumbnail-image-url":"https:\/\/websitedemos.net\/wp-content\/uploads\/2022\/04\/charity-600x1537.jpg","fullpage-thumbnail-image-url":"https:\/\/websitedemos.net\/wp-content\/uploads\/2022\/04\/charity-400x1024.jpg","astra-site-url":"\/\/websitedemos.net\/charity-01","astra-site-parent-id":2664,"astra-sites-tag":{"625":"charity","624":"foundation","626":"giving","977":"non-profit","745":"organization"},"astra-sites-type":"free","astra-site-category":{"39":"free","36":"other"},"astra-sites-template-category":[],"astra-site-page-builder":"beaver-builder","categories":{"2492":"non-profit"},"required-plugins":[{"slug":"beaver-builder-lite-version","init":"beaver-builder-lite-version\/fl-builder.php","name":"Beaver Builder Plugin (Lite Version)"},{"slug":"ultimate-addons-for-beaver-builder-lite","init":"ultimate-addons-for-beaver-builder-lite\/bb-ultimate-addon.php","name":"Ultimate Addons for Beaver Builder - Lite"},{"slug":"give","init":"give\/give.php","name":"Give - Donation Plugin"},{"slug":"wpforms-lite","init":"wpforms-lite\/wpforms.php","name":"WPForms Lite"}],"post-status":"publish","post-content":"","post-excerpt":"","pages":{"id-60215":{"title":"Home","featured-image-url":"https:\/\/websitedemos.net\/wp-content\/uploads\/2022\/04\/charity.jpg","thumbnail-image-url":"https:\/\/websitedemos.net\/wp-content\/uploads\/2022\/04\/charity-600x1537.jpg","astra-page-api-url":"https:\/\/websitedemos.net\/charity-01\/wp-json\/wp\/v2\/pages\/3607","dynamic-page":"no","astra-page-url":"\/\/websitedemos.net\/charity-01\/","astra-sites-tag":[],"site-pages-type":"free","site-pages-page-builder":"beaver-builder","site-pages-category":[],"site-pages-parent-category":{"61":"free","139":"other"},"required-plugins":[{"slug":"beaver-builder-lite-version","init":"beaver-builder-lite-version\/fl-builder.php","name":"Beaver Builder Plugin (Lite Version)"},{"slug":"ultimate-addons-for-beaver-builder-lite","init":"ultimate-addons-for-beaver-builder-lite\/bb-ultimate-addon.php","name":"Ultimate Addons for Beaver Builder - Lite"}]},"id-60218":{"title":"Who We Are","featured-image-url":"https:\/\/websitedemos.net\/wp-content\/uploads\/2022\/04\/charity-who-are-we.jpg","thumbnail-image-url":"https:\/\/websitedemos.net\/wp-content\/uploads\/2022\/04\/charity-who-are-we-600x1100.jpg","astra-page-api-url":"https:\/\/websitedemos.net\/charity-01\/wp-json\/wp\/v2\/pages\/3608","dynamic-page":"no","astra-page-url":"\/\/websitedemos.net\/charity-01\/who-we-are\/","astra-sites-tag":{"352":"about","455":"about-us"},"site-pages-type":"free","site-pages-page-builder":"beaver-builder","site-pages-category":[],"site-pages-parent-category":{"61":"free","139":"other"},"required-plugins":[{"slug":"beaver-builder-lite-version","init":"beaver-builder-lite-version\/fl-builder.php","name":"Beaver Builder Plugin (Lite Version)"},{"slug":"ultimate-addons-for-beaver-builder-lite","init":"ultimate-addons-for-beaver-builder-lite\/bb-ultimate-addon.php","name":"Ultimate Addons for Beaver Builder - Lite"}]},"id-60217":{"title":"What We Do","featured-image-url":"https:\/\/websitedemos.net\/wp-content\/uploads\/2022\/04\/charity-what-we-do.jpg","thumbnail-image-url":"https:\/\/websitedemos.net\/wp-content\/uploads\/2022\/04\/charity-what-we-do-600x1144.jpg","astra-page-api-url":"https:\/\/websitedemos.net\/charity-01\/wp-json\/wp\/v2\/pages\/3609","dynamic-page":"no","astra-page-url":"\/\/websitedemos.net\/charity-01\/what-we-do\/","astra-sites-tag":[],"site-pages-type":"free","site-pages-page-builder":"beaver-builder","site-pages-category":[],"site-pages-parent-category":{"61":"free","139":"other"},"required-plugins":[{"slug":"beaver-builder-lite-version","init":"beaver-builder-lite-version\/fl-builder.php","name":"Beaver Builder Plugin (Lite Version)"},{"slug":"ultimate-addons-for-beaver-builder-lite","init":"ultimate-addons-for-beaver-builder-lite\/bb-ultimate-addon.php","name":"Ultimate Addons for Beaver Builder - Lite"}]},"id-60214":{"title":"Donate","featured-image-url":"https:\/\/websitedemos.net\/wp-content\/uploads\/2022\/04\/charity-donate.jpg","thumbnail-image-url":"https:\/\/websitedemos.net\/wp-content\/uploads\/2022\/04\/charity-donate-600x362.jpg","astra-page-api-url":"https:\/\/websitedemos.net\/charity-01\/wp-json\/wp\/v2\/pages\/3612","dynamic-page":"yes","astra-page-url":"\/\/websitedemos.net\/charity-01\/donate\/","astra-sites-tag":[],"site-pages-type":"free","site-pages-page-builder":"beaver-builder","site-pages-category":[],"site-pages-parent-category":{"61":"free","139":"other"},"required-plugins":[{"slug":"beaver-builder-lite-version","init":"beaver-builder-lite-version\/fl-builder.php","name":"Beaver Builder Plugin (Lite Version)"},{"slug":"give","init":"give\/give.php","name":"Give - Donation Plugin"},{"slug":"ultimate-addons-for-beaver-builder-lite","init":"ultimate-addons-for-beaver-builder-lite\/bb-ultimate-addon.php","name":"Ultimate Addons for Beaver Builder - Lite"}]},"id-60216":{"title":"Our Partners","featured-image-url":"https:\/\/websitedemos.net\/wp-content\/uploads\/2022\/04\/charity-our-partners.jpg","thumbnail-image-url":"https:\/\/websitedemos.net\/wp-content\/uploads\/2022\/04\/charity-our-partners-600x867.jpg","astra-page-api-url":"https:\/\/websitedemos.net\/charity-01\/wp-json\/wp\/v2\/pages\/3610","dynamic-page":"no","astra-page-url":"\/\/websitedemos.net\/charity-01\/our-partners\/","astra-sites-tag":[],"site-pages-type":"free","site-pages-page-builder":"beaver-builder","site-pages-category":[],"site-pages-parent-category":{"61":"free","139":"other"},"required-plugins":[{"slug":"beaver-builder-lite-version","init":"beaver-builder-lite-version\/fl-builder.php","name":"Beaver Builder Plugin (Lite Version)"},{"slug":"ultimate-addons-for-beaver-builder-lite","init":"ultimate-addons-for-beaver-builder-lite\/bb-ultimate-addon.php","name":"Ultimate Addons for Beaver Builder - Lite"}]},"id-60213":{"title":"Contact Us","featured-image-url":"https:\/\/websitedemos.net\/wp-content\/uploads\/2022\/04\/charity-contact.jpg","thumbnail-image-url":"https:\/\/websitedemos.net\/wp-content\/uploads\/2022\/04\/charity-contact-600x677.jpg","astra-page-api-url":"https:\/\/websitedemos.net\/charity-01\/wp-json\/wp\/v2\/pages\/3611","dynamic-page":"no","astra-page-url":"\/\/websitedemos.net\/charity-01\/contact-us\/","astra-sites-tag":{"415":"contact"},"site-pages-type":"free","site-pages-page-builder":"beaver-builder","site-pages-category":[],"site-pages-parent-category":{"61":"free","139":"other"},"required-plugins":[{"slug":"beaver-builder-lite-version","init":"beaver-builder-lite-version\/fl-builder.php","name":"Beaver Builder Plugin (Lite Version)"},{"slug":"ultimate-addons-for-beaver-builder-lite","init":"ultimate-addons-for-beaver-builder-lite\/bb-ultimate-addon.php","name":"Ultimate Addons for Beaver Builder - Lite"}]}},"related-bb-template":"","related-elementor-template":"","related-gutenberg-template":"","related_ecommerce_template":"","ecommerce_parent_template":""},"id-59816":{"title":"Animal Welfare","id":59816,"publish-date":1704285764,"featured-image-url":"https:\/\/websitedemos.net\/wp-content\/uploads\/2022\/03\/animal-welfare-01.jpg","thumbnail-image-url":"https:\/\/websitedemos.net\/wp-content\/uploads\/2022\/03\/animal-welfare-01-600x2367.jpg","fullpage-thumbnail-image-url":"https:\/\/websitedemos.net\/wp-content\/uploads\/2022\/03\/animal-welfare-01-400x1578.jpg","astra-site-url":"\/\/websitedemos.net\/animal-welfare-01","astra-site-parent-id":2659,"astra-sites-tag":{"625":"charity","735":"donate","1013":"donation","624":"foundation","1482":"givewp","745":"organization","1012":"welfare"},"astra-sites-type":"free","astra-site-category":{"39":"free","36":"other"},"astra-sites-template-category":[],"astra-site-page-builder":"beaver-builder","categories":{"2492":"non-profit"},"required-plugins":[{"slug":"beaver-builder-lite-version","init":"beaver-builder-lite-version\/fl-builder.php","name":"Beaver Builder Plugin (Lite Version)"},{"slug":"give","init":"give\/give.php","name":"Give - Donation Plugin"},{"slug":"ultimate-addons-for-beaver-builder-lite","init":"ultimate-addons-for-beaver-builder-lite\/bb-ultimate-addon.php","name":"Ultimate Addons for Beaver Builder - Lite"},{"slug":"wpforms-lite","init":"wpforms-lite\/wpforms.php","name":"WPForms Lite"}],"post-status":"publish","post-content":"","post-excerpt":"","pages":{"id-59819":{"title":"Home","featured-image-url":"https:\/\/websitedemos.net\/wp-content\/uploads\/2022\/03\/animal-welfare-01.jpg","thumbnail-image-url":"https:\/\/websitedemos.net\/wp-content\/uploads\/2022\/03\/animal-welfare-01-600x2367.jpg","astra-page-api-url":"https:\/\/websitedemos.net\/animal-welfare-01\/wp-json\/wp\/v2\/pages\/1584","dynamic-page":"no","astra-page-url":"\/\/websitedemos.net\/animal-welfare-01\/","astra-sites-tag":[],"site-pages-type":"free","site-pages-page-builder":"beaver-builder","site-pages-category":[],"site-pages-parent-category":{"61":"free","139":"other"},"required-plugins":[{"slug":"beaver-builder-lite-version","init":"beaver-builder-lite-version\/fl-builder.php","name":"Beaver Builder Plugin (Lite Version)"},{"slug":"ultimate-addons-for-beaver-builder-lite","init":"ultimate-addons-for-beaver-builder-lite\/bb-ultimate-addon.php","name":"Ultimate Addons for Beaver Builder - Lite"}]},"id-59817":{"title":"About","featured-image-url":"https:\/\/websitedemos.net\/wp-content\/uploads\/2022\/03\/animal-welfare-01-about.jpg","thumbnail-image-url":"https:\/\/websitedemos.net\/wp-content\/uploads\/2022\/03\/animal-welfare-01-about-600x1484.jpg","astra-page-api-url":"https:\/\/websitedemos.net\/animal-welfare-01\/wp-json\/wp\/v2\/pages\/1585","dynamic-page":"no","astra-page-url":"\/\/websitedemos.net\/animal-welfare-01\/about\/","astra-sites-tag":[],"site-pages-type":"free","site-pages-page-builder":"beaver-builder","site-pages-category":[],"site-pages-parent-category":{"61":"free","139":"other"},"required-plugins":[{"slug":"beaver-builder-lite-version","init":"beaver-builder-lite-version\/fl-builder.php","name":"Beaver Builder Plugin (Lite Version)"},{"slug":"ultimate-addons-for-beaver-builder-lite","init":"ultimate-addons-for-beaver-builder-lite\/bb-ultimate-addon.php","name":"Ultimate Addons for Beaver Builder - Lite"}]},"id-59820":{"title":"See All Campaigns","featured-image-url":"https:\/\/websitedemos.net\/wp-content\/uploads\/2022\/03\/animal-welfare-01-campaigns.jpg","thumbnail-image-url":"https:\/\/websitedemos.net\/wp-content\/uploads\/2022\/03\/animal-welfare-01-campaigns-600x1515.jpg","astra-page-api-url":"https:\/\/websitedemos.net\/animal-welfare-01\/wp-json\/wp\/v2\/pages\/1586","dynamic-page":"yes","astra-page-url":"\/\/websitedemos.net\/animal-welfare-01\/see-all-campaigns\/","astra-sites-tag":[],"site-pages-type":"free","site-pages-page-builder":"beaver-builder","site-pages-category":[],"site-pages-parent-category":{"61":"free","139":"other"},"required-plugins":[{"slug":"beaver-builder-lite-version","init":"beaver-builder-lite-version\/fl-builder.php","name":"Beaver Builder Plugin (Lite Version)"},{"slug":"give","init":"give\/give.php","name":"Give - Donation Plugin"},{"slug":"ultimate-addons-for-beaver-builder-lite","init":"ultimate-addons-for-beaver-builder-lite\/bb-ultimate-addon.php","name":"Ultimate Addons for Beaver Builder - Lite"}]},"id-59821":{"title":"Star Contributors","featured-image-url":"https:\/\/websitedemos.net\/wp-content\/uploads\/2022\/03\/animal-welfare-01-contributors.jpg","thumbnail-image-url":"https:\/\/websitedemos.net\/wp-content\/uploads\/2022\/03\/animal-welfare-01-contributors-600x1238.jpg","astra-page-api-url":"https:\/\/websitedemos.net\/animal-welfare-01\/wp-json\/wp\/v2\/pages\/1587","dynamic-page":"yes","astra-page-url":"\/\/websitedemos.net\/animal-welfare-01\/star-contributors\/","astra-sites-tag":[],"site-pages-type":"free","site-pages-page-builder":"beaver-builder","site-pages-category":[],"site-pages-parent-category":{"61":"free","139":"other"},"required-plugins":[{"slug":"beaver-builder-lite-version","init":"beaver-builder-lite-version\/fl-builder.php","name":"Beaver Builder Plugin (Lite Version)"},{"slug":"give","init":"give\/give.php","name":"Give - Donation Plugin"},{"slug":"ultimate-addons-for-beaver-builder-lite","init":"ultimate-addons-for-beaver-builder-lite\/bb-ultimate-addon.php","name":"Ultimate Addons for Beaver Builder - Lite"}]},"id-59818":{"title":"Contact","featured-image-url":"https:\/\/websitedemos.net\/wp-content\/uploads\/2022\/03\/animal-welfare-01-contact.jpg","thumbnail-image-url":"https:\/\/websitedemos.net\/wp-content\/uploads\/2022\/03\/animal-welfare-01-contact-600x1130.jpg","astra-page-api-url":"https:\/\/websitedemos.net\/animal-welfare-01\/wp-json\/wp\/v2\/pages\/1588","dynamic-page":"no","astra-page-url":"\/\/websitedemos.net\/animal-welfare-01\/contact\/","astra-sites-tag":[],"site-pages-type":"free","site-pages-page-builder":"beaver-builder","site-pages-category":[],"site-pages-parent-category":{"61":"free","139":"other"},"required-plugins":[{"slug":"beaver-builder-lite-version","init":"beaver-builder-lite-version\/fl-builder.php","name":"Beaver Builder Plugin (Lite Version)"},{"slug":"ultimate-addons-for-beaver-builder-lite","init":"ultimate-addons-for-beaver-builder-lite\/bb-ultimate-addon.php","name":"Ultimate Addons for Beaver Builder - Lite"},{"slug":"wpforms-lite","init":"wpforms-lite\/wpforms.php","name":"WPForms Lite"}]}},"related-bb-template":"","related-elementor-template":"","related-gutenberg-template":"","related_ecommerce_template":"","ecommerce_parent_template":""},"id-59486":{"title":"Party Planner","id":59486,"publish-date":1699970134,"featured-image-url":"https:\/\/websitedemos.net\/wp-content\/uploads\/2022\/02\/party-planner-02.jpg","thumbnail-image-url":"https:\/\/websitedemos.net\/wp-content\/uploads\/2022\/02\/party-planner-02.jpg","fullpage-thumbnail-image-url":"https:\/\/websitedemos.net\/wp-content\/uploads\/2022\/02\/party-planner-02.jpg","astra-site-url":"\/\/websitedemos.net\/party-planner-02","astra-site-parent-id":2623,"astra-sites-tag":{"2633":"celebration-planner","3416":"elementor","2630":"event-coordinator","2632":"event-facilitator","2631":"event-manager","2635":"party","2634":"party-organizer","902":"party-planner"},"astra-sites-type":"free","astra-site-category":{"27":"business","39":"free"},"astra-sites-template-category":{"2784":"event","2863":"landing-page","2781":"music","2771":"one-page"},"astra-site-page-builder":"elementor","categories":{"2486":"art-music","3427":"default","2489":"event-invitation","3428":"free"},"required-plugins":[{"slug":"elementor","init":"elementor\/elementor.php","name":"Elementor"}],"post-status":"publish","post-content":"<!-- wp:paragraph -->\n<p>Step into the world of seamless celebrations with our Party Planner website template. Crafted with stylish design ideal for the niche, this template sets the stage for unforgettable events, ideal for startups, small events businesses or party planners.<\/p>\n<!-- \/wp:paragraph -->\n\n<!-- wp:paragraph -->\n<p>The professional-quality design adds a touch of elegance to your online presence, making your party planning services stand out. Elevate your business with ease and let the festivities begin with our exquisite template!<\/p>\n<!-- \/wp:paragraph -->\n\n<!-- wp:heading -->\n<h2 class=\"wp-block-heading\">Key Features of the Part Planner Template:<\/h2>\n<!-- \/wp:heading -->\n\n<!-- wp:list -->\n<ul><!-- wp:list-item -->\n<li>Stylish design ideal for events and party planners<\/li>\n<!-- \/wp:list-item -->\n\n<!-- wp:list-item -->\n<li>Infinitely customizable using built-in tools<\/li>\n<!-- \/wp:list-item -->\n\n<!-- wp:list-item -->\n<li>Easy to use and requires no existing skills<\/li>\n<!-- \/wp:list-item -->\n\n<!-- wp:list-item -->\n<li>Fully responsive and SEO friendly<\/li>\n<!-- \/wp:list-item -->\n\n<!-- wp:list-item -->\n<li>Full compatibility with leading page builders<\/li>\n<!-- \/wp:list-item --><\/ul>\n<!-- \/wp:list -->","post-excerpt":"Elevate your party planning with our stylish website template. ","pages":{"id-59487":{"title":"Home","featured-image-url":"https:\/\/websitedemos.net\/wp-content\/uploads\/2022\/02\/party-planner-02.jpg","thumbnail-image-url":"https:\/\/websitedemos.net\/wp-content\/uploads\/2022\/02\/party-planner-02.jpg","astra-page-api-url":"https:\/\/websitedemos.net\/party-planner-02\/wp-json\/wp\/v2\/pages\/10","dynamic-page":"no","astra-page-url":"\/\/websitedemos.net\/party-planner-02\/","astra-sites-tag":{"423":"home"},"site-pages-type":"free","site-pages-page-builder":"elementor","site-pages-category":[],"site-pages-parent-category":{"60":"business","61":"free"},"required-plugins":[{"slug":"elementor","init":"elementor\/elementor.php","name":"Elementor"}]}},"related-bb-template":"","related-elementor-template":59486,"related-gutenberg-template":68320,"related_ecommerce_template":"","ecommerce_parent_template":""},"id-59354":{"title":"Guitarist","id":59354,"publish-date":1644521472,"featured-image-url":"https:\/\/websitedemos.net\/wp-content\/uploads\/2022\/02\/guitarist-02-home.jpg","thumbnail-image-url":"https:\/\/websitedemos.net\/wp-content\/uploads\/2022\/02\/guitarist-02-home.jpg","fullpage-thumbnail-image-url":"https:\/\/websitedemos.net\/wp-content\/uploads\/2022\/02\/guitarist-02-home.jpg","astra-site-url":"\/\/websitedemos.net\/guitarist-02","astra-site-parent-id":2599,"astra-sites-tag":{"3416":"elementor","2612":"guitar-cello","2611":"guitar-player","2610":"guitarist","1571":"singer","1573":"vocalist"},"astra-sites-type":"free","astra-site-category":{"27":"business","39":"free"},"astra-sites-template-category":[],"astra-site-page-builder":"elementor","categories":{"2486":"art-music","3430":"dark","3427":"default","3428":"free","2488":"portfolio"},"required-plugins":[{"slug":"elementor","init":"elementor\/elementor.php","name":"Elementor"},{"slug":"wpforms-lite","init":"wpforms-lite\/wpforms.php","name":"WPForms Lite"}],"post-status":"publish","post-content":"","post-excerpt":"","pages":{"id-59357":{"title":"Home","featured-image-url":"https:\/\/websitedemos.net\/wp-content\/uploads\/2022\/02\/guitarist-02-home.jpg","thumbnail-image-url":"https:\/\/websitedemos.net\/wp-content\/uploads\/2022\/02\/guitarist-02-home.jpg","astra-page-api-url":"https:\/\/websitedemos.net\/guitarist-02\/wp-json\/wp\/v2\/pages\/16","dynamic-page":"no","astra-page-url":"\/\/websitedemos.net\/guitarist-02\/","astra-sites-tag":{"423":"home"},"site-pages-type":"free","site-pages-page-builder":"elementor","site-pages-category":[],"site-pages-parent-category":{"60":"business","61":"free"},"required-plugins":[{"slug":"elementor","init":"elementor\/elementor.php","name":"Elementor"}]},"id-59355":{"title":"About","featured-image-url":"https:\/\/websitedemos.net\/wp-content\/uploads\/2022\/02\/guitarist-02-about.jpg","thumbnail-image-url":"https:\/\/websitedemos.net\/wp-content\/uploads\/2022\/02\/guitarist-02-about.jpg","astra-page-api-url":"https:\/\/websitedemos.net\/guitarist-02\/wp-json\/wp\/v2\/pages\/29","dynamic-page":"no","astra-page-url":"\/\/websitedemos.net\/guitarist-02\/about\/","astra-sites-tag":{"352":"about"},"site-pages-type":"free","site-pages-page-builder":"elementor","site-pages-category":[],"site-pages-parent-category":{"60":"business","61":"free"},"required-plugins":[{"slug":"elementor","init":"elementor\/elementor.php","name":"Elementor"}]},"id-59358":{"title":"Lessons","featured-image-url":"https:\/\/websitedemos.net\/wp-content\/uploads\/2022\/02\/guitarist-02-lessons.jpg","thumbnail-image-url":"https:\/\/websitedemos.net\/wp-content\/uploads\/2022\/02\/guitarist-02-lessons.jpg","astra-page-api-url":"https:\/\/websitedemos.net\/guitarist-02\/wp-json\/wp\/v2\/pages\/25","dynamic-page":"no","astra-page-url":"\/\/websitedemos.net\/guitarist-02\/lessons\/","astra-sites-tag":{"747":"lessons"},"site-pages-type":"free","site-pages-page-builder":"elementor","site-pages-category":[],"site-pages-parent-category":{"60":"business","61":"free"},"required-plugins":[{"slug":"elementor","init":"elementor\/elementor.php","name":"Elementor"}]},"id-59359":{"title":"Shows","featured-image-url":"https:\/\/websitedemos.net\/wp-content\/uploads\/2022\/02\/guitarist-02-shows.jpg","thumbnail-image-url":"https:\/\/websitedemos.net\/wp-content\/uploads\/2022\/02\/guitarist-02-shows.jpg","astra-page-api-url":"https:\/\/websitedemos.net\/guitarist-02\/wp-json\/wp\/v2\/pages\/27","dynamic-page":"no","astra-page-url":"\/\/websitedemos.net\/guitarist-02\/shows\/","astra-sites-tag":{"1568":"shows"},"site-pages-type":"free","site-pages-page-builder":"elementor","site-pages-category":[],"site-pages-parent-category":{"60":"business","61":"free"},"required-plugins":[{"slug":"elementor","init":"elementor\/elementor.php","name":"Elementor"}]},"id-59356":{"title":"Contact","featured-image-url":"https:\/\/websitedemos.net\/wp-content\/uploads\/2022\/02\/guitarist-02-contact.jpg","thumbnail-image-url":"https:\/\/websitedemos.net\/wp-content\/uploads\/2022\/02\/guitarist-02-contact.jpg","astra-page-api-url":"https:\/\/websitedemos.net\/guitarist-02\/wp-json\/wp\/v2\/pages\/31","dynamic-page":"no","astra-page-url":"\/\/websitedemos.net\/guitarist-02\/contact\/","astra-sites-tag":{"415":"contact"},"site-pages-type":"free","site-pages-page-builder":"elementor","site-pages-category":[],"site-pages-parent-category":{"60":"business","61":"free"},"required-plugins":[{"slug":"elementor","init":"elementor\/elementor.php","name":"Elementor"},{"slug":"wpforms-lite","init":"wpforms-lite\/wpforms.php","name":"WPForms Lite"}]}},"related-bb-template":"","related-elementor-template":59354,"related-gutenberg-template":59557,"related_ecommerce_template":"","ecommerce_parent_template":""},"id-59342":{"title":"Library Cafe","id":59342,"publish-date":1644515733,"featured-image-url":"https:\/\/websitedemos.net\/wp-content\/uploads\/2022\/02\/cafe-library-02-home.jpg","thumbnail-image-url":"https:\/\/websitedemos.net\/wp-content\/uploads\/2022\/02\/cafe-library-02-home.jpg","fullpage-thumbnail-image-url":"https:\/\/websitedemos.net\/wp-content\/uploads\/2022\/02\/cafe-library-02-home.jpg","astra-site-url":"\/\/websitedemos.net\/cafe-library-02","astra-site-parent-id":2598,"astra-sites-tag":{"2607":"book-house","1740":"books","2606":"books-room","1527":"cafeteria","2603":"coffee-bar","3416":"elementor","2604":"library","2605":"library-cafe"},"astra-sites-type":"free","astra-site-category":{"27":"business","39":"free"},"astra-sites-template-category":[],"astra-site-page-builder":"elementor","categories":{"3427":"default","3428":"free","2478":"local-storefronts","2496":"restaurant-food"},"required-plugins":[{"slug":"elementor","init":"elementor\/elementor.php","name":"Elementor"},{"slug":"header-footer-elementor","init":"header-footer-elementor\/header-footer-elementor.php","name":"Elementor Header & Footer Builder"},{"slug":"wpforms-lite","init":"wpforms-lite\/wpforms.php","name":"WPForms Lite"}],"post-status":"publish","post-content":"","post-excerpt":"","pages":{"id-59345":{"title":"Home","featured-image-url":"https:\/\/websitedemos.net\/wp-content\/uploads\/2022\/02\/cafe-library-02-home.jpg","thumbnail-image-url":"https:\/\/websitedemos.net\/wp-content\/uploads\/2022\/02\/cafe-library-02-home.jpg","astra-page-api-url":"https:\/\/websitedemos.net\/cafe-library-02\/wp-json\/wp\/v2\/pages\/5","dynamic-page":"no","astra-page-url":"\/\/websitedemos.net\/cafe-library-02\/","astra-sites-tag":{"423":"home"},"site-pages-type":"free","site-pages-page-builder":"elementor","site-pages-category":[],"site-pages-parent-category":{"60":"business","61":"free"},"required-plugins":[{"slug":"elementor","init":"elementor\/elementor.php","name":"Elementor"},{"slug":"header-footer-elementor","init":"header-footer-elementor\/header-footer-elementor.php","name":"Elementor Header & Footer Builder"}]},"id-59346":{"title":"Menu","featured-image-url":"https:\/\/websitedemos.net\/wp-content\/uploads\/2022\/02\/cafe-library-02-menu.jpg","thumbnail-image-url":"https:\/\/websitedemos.net\/wp-content\/uploads\/2022\/02\/cafe-library-02-menu.jpg","astra-page-api-url":"https:\/\/websitedemos.net\/cafe-library-02\/wp-json\/wp\/v2\/pages\/18","dynamic-page":"no","astra-page-url":"\/\/websitedemos.net\/cafe-library-02\/menu\/","astra-sites-tag":{"565":"menu"},"site-pages-type":"free","site-pages-page-builder":"elementor","site-pages-category":[],"site-pages-parent-category":{"60":"business","61":"free"},"required-plugins":[{"slug":"elementor","init":"elementor\/elementor.php","name":"Elementor"},{"slug":"header-footer-elementor","init":"header-footer-elementor\/header-footer-elementor.php","name":"Elementor Header & Footer Builder"}]},"id-59347":{"title":"Reviews","featured-image-url":"https:\/\/websitedemos.net\/wp-content\/uploads\/2022\/02\/cafe-library-02-reviews.jpg","thumbnail-image-url":"https:\/\/websitedemos.net\/wp-content\/uploads\/2022\/02\/cafe-library-02-reviews.jpg","astra-page-api-url":"https:\/\/websitedemos.net\/cafe-library-02\/wp-json\/wp\/v2\/pages\/12","dynamic-page":"no","astra-page-url":"\/\/websitedemos.net\/cafe-library-02\/reviews\/","astra-sites-tag":{"432":"review"},"site-pages-type":"free","site-pages-page-builder":"elementor","site-pages-category":[],"site-pages-parent-category":{"60":"business","61":"free"},"required-plugins":[{"slug":"elementor","init":"elementor\/elementor.php","name":"Elementor"},{"slug":"header-footer-elementor","init":"header-footer-elementor\/header-footer-elementor.php","name":"Elementor Header & Footer Builder"}]},"id-59343":{"title":"About","featured-image-url":"https:\/\/websitedemos.net\/wp-content\/uploads\/2022\/02\/cafe-library-02-about.jpg","thumbnail-image-url":"https:\/\/websitedemos.net\/wp-content\/uploads\/2022\/02\/cafe-library-02-about.jpg","astra-page-api-url":"https:\/\/websitedemos.net\/cafe-library-02\/wp-json\/wp\/v2\/pages\/10","dynamic-page":"no","astra-page-url":"\/\/websitedemos.net\/cafe-library-02\/about\/","astra-sites-tag":{"352":"about"},"site-pages-type":"free","site-pages-page-builder":"elementor","site-pages-category":[],"site-pages-parent-category":{"60":"business","61":"free"},"required-plugins":[{"slug":"elementor","init":"elementor\/elementor.php","name":"Elementor"},{"slug":"header-footer-elementor","init":"header-footer-elementor\/header-footer-elementor.php","name":"Elementor Header & Footer Builder"}]},"id-59344":{"title":"Contact","featured-image-url":"https:\/\/websitedemos.net\/wp-content\/uploads\/2022\/02\/cafe-library-02-contact.jpg","thumbnail-image-url":"https:\/\/websitedemos.net\/wp-content\/uploads\/2022\/02\/cafe-library-02-contact.jpg","astra-page-api-url":"https:\/\/websitedemos.net\/cafe-library-02\/wp-json\/wp\/v2\/pages\/14","dynamic-page":"no","astra-page-url":"\/\/websitedemos.net\/cafe-library-02\/contact\/","astra-sites-tag":{"415":"contact"},"site-pages-type":"free","site-pages-page-builder":"elementor","site-pages-category":[],"site-pages-parent-category":{"60":"business","61":"free"},"required-plugins":[{"slug":"elementor","init":"elementor\/elementor.php","name":"Elementor"},{"slug":"header-footer-elementor","init":"header-footer-elementor\/header-footer-elementor.php","name":"Elementor Header & Footer Builder"},{"slug":"wpforms-lite","init":"wpforms-lite\/wpforms.php","name":"WPForms Lite"}]}},"related-bb-template":"","related-elementor-template":59342,"related-gutenberg-template":59540,"related_ecommerce_template":"","ecommerce_parent_template":""},"id-69440":{"title":"Eyewear Store","id":69440,"publish-date":1663782034,"featured-image-url":"https:\/\/websitedemos.net\/wp-content\/uploads\/2022\/09\/eyewear-store-04.jpg","thumbnail-image-url":"https:\/\/websitedemos.net\/wp-content\/uploads\/2022\/09\/eyewear-store-04-600x2705.jpg","fullpage-thumbnail-image-url":"https:\/\/websitedemos.net\/wp-content\/uploads\/2022\/09\/eyewear-store-04-400x1803.jpg","astra-site-url":"\/\/websitedemos.net\/eyewear-store-04","astra-site-parent-id":2914,"astra-sites-tag":{"496":"ecommerce","1817":"ecommerce-store","3416":"elementor","2918":"eyes","2915":"eyewear","2916":"eyewear-store","2919":"glears","2922":"lenskart","732":"online-shop","2420":"online-shopping","383":"online-store","1844":"premium","2921":"specs","2920":"spectacles","749":"store","1024":"woocommerce"},"astra-sites-type":"agency-mini","astra-site-category":{"38":"ecommerce"},"astra-sites-template-category":{"2769":"ecommerce","2858":"fashion-clothing","2857":"online-shopping"},"astra-site-page-builder":"elementor","categories":{"3427":"default","2495":"ecommerce","3434":"feminine","3429":"premium"},"required-plugins":[{"slug":"astra-addon","init":"astra-addon\/astra-addon.php","name":"Astra Pro"},{"slug":"elementor","init":"elementor\/elementor.php","name":"Elementor"},{"slug":"woocommerce","init":"woocommerce\/woocommerce.php","name":"WooCommerce"},{"slug":"wpforms-lite","init":"wpforms-lite\/wpforms.php","name":"WPForms Lite"},{"slug":"checkout-plugins-stripe-woo","init":"checkout-plugins-stripe-woo\/checkout-plugins-stripe-woo.php","name":"Checkout Plugins - Stripe for WooCommerce"}],"post-status":"publish","post-content":"<!-- wp:paragraph -->\n<p>The Eyewear online store template is a light and bright full screen template that makes a great first impression. It opens with a fullscreen image, heading and call to action before opening into a full width store page.<\/p>\n<!-- \/wp:paragraph -->\n\n<!-- wp:paragraph -->\n<p>The Eyewear Store template has an upmarket feel with quality images, attractive fonts and modern layout. It is SEO-friendly, WooCommerce compatible and works with most page builders, giving you everything you need to build an online store.<\/p>\n<!-- \/wp:paragraph -->\n\n<!-- wp:heading -->\n<h2>Key features of the Eyewear Store template<\/h2>\n<!-- \/wp:heading -->\n\n<!-- wp:list -->\n<ul><li>Compelling eCommerce store theme for WordPress<\/li><li>Superb colors, fonts and layout<\/li><li>Designed to convert<\/li><li>Lots of options for showing products<\/li><li>Full compatibility with leading page builders<\/li><\/ul>\n<!-- \/wp:list -->","post-excerpt":"Light and bright eCommerce template designed to sell any product effectively","pages":{"id-69443":{"title":"Home","featured-image-url":"https:\/\/websitedemos.net\/wp-content\/uploads\/2022\/09\/eyewear-store-04.jpg","thumbnail-image-url":"https:\/\/websitedemos.net\/wp-content\/uploads\/2022\/09\/eyewear-store-04-600x2705.jpg","astra-page-api-url":"https:\/\/websitedemos.net\/eyewear-store-04\/wp-json\/wp\/v2\/pages\/14","dynamic-page":"yes","astra-page-url":"\/\/websitedemos.net\/eyewear-store-04\/","astra-sites-tag":{"423":"home"},"site-pages-type":"agency-mini","site-pages-page-builder":"elementor","site-pages-category":[],"site-pages-parent-category":{"64":"ecommerce"},"required-plugins":[{"slug":"astra-addon","init":"astra-addon\/astra-addon.php","name":"Astra Pro"},{"slug":"elementor","init":"elementor\/elementor.php","name":"Elementor"},{"slug":"woocommerce","init":"woocommerce\/woocommerce.php","name":"WooCommerce"}]},"id-69441":{"title":"About Us","featured-image-url":"https:\/\/websitedemos.net\/wp-content\/uploads\/2022\/09\/eyewear-store-04-about.jpg","thumbnail-image-url":"https:\/\/websitedemos.net\/wp-content\/uploads\/2022\/09\/eyewear-store-04-about-600x1646.jpg","astra-page-api-url":"https:\/\/websitedemos.net\/eyewear-store-04\/wp-json\/wp\/v2\/pages\/223","dynamic-page":"no","astra-page-url":"\/\/websitedemos.net\/eyewear-store-04\/about-us\/","astra-sites-tag":{"352":"about"},"site-pages-type":"agency-mini","site-pages-page-builder":"elementor","site-pages-category":[],"site-pages-parent-category":{"64":"ecommerce"},"required-plugins":[{"slug":"astra-addon","init":"astra-addon\/astra-addon.php","name":"Astra Pro"},{"slug":"elementor","init":"elementor\/elementor.php","name":"Elementor"}]},"id-69442":{"title":"Contact","featured-image-url":"https:\/\/websitedemos.net\/wp-content\/uploads\/2022\/09\/eyewear-store-04-contact.jpg","thumbnail-image-url":"https:\/\/websitedemos.net\/wp-content\/uploads\/2022\/09\/eyewear-store-04-contact-600x979.jpg","astra-page-api-url":"https:\/\/websitedemos.net\/eyewear-store-04\/wp-json\/wp\/v2\/pages\/225","dynamic-page":"no","astra-page-url":"\/\/websitedemos.net\/eyewear-store-04\/contact\/","astra-sites-tag":{"415":"contact"},"site-pages-type":"agency-mini","site-pages-page-builder":"elementor","site-pages-category":[],"site-pages-parent-category":{"64":"ecommerce"},"required-plugins":[{"slug":"astra-addon","init":"astra-addon\/astra-addon.php","name":"Astra Pro"},{"slug":"elementor","init":"elementor\/elementor.php","name":"Elementor"},{"slug":"wpforms-lite","init":"wpforms-lite\/wpforms.php","name":"WPForms Lite"}]}},"related-bb-template":"","related-elementor-template":69440,"related-gutenberg-template":74122,"related_ecommerce_template":"","ecommerce_parent_template":""},"id-84445":{"title":"Black Friday","id":84445,"publish-date":1700764801,"featured-image-url":"https:\/\/websitedemos.net\/wp-content\/uploads\/2023\/11\/black-friday-04.jpg","thumbnail-image-url":"https:\/\/websitedemos.net\/wp-content\/uploads\/2023\/11\/black-friday-04-600x2701.jpg","fullpage-thumbnail-image-url":"https:\/\/websitedemos.net\/wp-content\/uploads\/2023\/11\/black-friday-04-400x1800.jpg","astra-site-url":"\/\/websitedemos.net\/black-friday-04","astra-site-parent-id":3396,"astra-sites-tag":{"2991":"black-friday","2992":"blackfriday","496":"ecommerce","1817":"ecommerce-store","2689":"gadgets","383":"online-store","2993":"sales-landing","749":"store","3129":"technology"},"astra-sites-type":"agency-mini","astra-site-category":{"27":"business","36":"other"},"astra-sites-template-category":{"2769":"ecommerce","2857":"online-shopping","2817":"technology"},"astra-site-page-builder":"elementor","categories":{"3430":"dark","3427":"default","2495":"ecommerce","3429":"premium"},"required-plugins":[{"slug":"astra-addon","init":"astra-addon\/astra-addon.php","name":"Astra Pro"},{"slug":"elementor","init":"elementor\/elementor.php","name":"Elementor"},{"slug":"woocommerce","init":"woocommerce\/woocommerce.php","name":"WooCommerce"},{"slug":"wpforms-lite","init":"wpforms-lite\/wpforms.php","name":"WPForms Lite"},{"slug":"ultimate-elementor","init":"ultimate-elementor\/ultimate-elementor.php","name":"Ultimate Addons for Elementor"},{"slug":"checkout-plugins-stripe-woo","init":"checkout-plugins-stripe-woo\/checkout-plugins-stripe-woo.php","name":"Checkout Plugins - Stripe for WooCommerce"}],"post-status":"publish","post-content":"<!-- wp:paragraph -->\n<p>Are you ready to take your Black Friday sales to the next level? Don't miss out on the opportunity to transform your online presence and boost your business. Dive into the magic of our exclusive, fully responsive Black Friday Cyber Monday web template!<\/p>\n<!-- \/wp:paragraph -->\n\n<!-- wp:paragraph -->\n<p>With its sleek design and user-friendly interface, this template is crafted to make your online store shine. Say goodbye to slow load times as the template ensures lightning-fast performance, keeping your customers engaged and ready to shop till they drop.<\/p>\n<!-- \/wp:paragraph -->\n\n<!-- wp:heading {\"level\":3} -->\n<h3 class=\"wp-block-heading\">Key Features of Black Friday <\/h3>\n<!-- \/wp:heading -->\n\n<!-- wp:list -->\n<ul><!-- wp:list-item -->\n<li>Sleek design with Black Friday Cyber Monday theme<\/li>\n<!-- \/wp:list-item -->\n\n<!-- wp:list-item -->\n<li>User-friendly and very easy to use<\/li>\n<!-- \/wp:list-item -->\n\n<!-- wp:list-item -->\n<li>Lightning-fast performance thanks to optimized code<\/li>\n<!-- \/wp:list-item -->\n\n<!-- wp:list-item -->\n<li>Fully responsive and SEO friendly<\/li>\n<!-- \/wp:list-item -->\n\n<!-- wp:list-item -->\n<li>Full compatibility with popular page builders<\/li>\n<!-- \/wp:list-item --><\/ul>\n<!-- \/wp:list -->","post-excerpt":"Boost sales on Black Friday with a user-friendly web template!","pages":{"id-84448":{"title":"Home","featured-image-url":"https:\/\/websitedemos.net\/wp-content\/uploads\/2023\/11\/black-friday-04.jpg","thumbnail-image-url":"https:\/\/websitedemos.net\/wp-content\/uploads\/2023\/11\/black-friday-04-600x2701.jpg","astra-page-api-url":"https:\/\/websitedemos.net\/black-friday-04\/wp-json\/wp\/v2\/pages\/286","dynamic-page":"yes","astra-page-url":"\/\/websitedemos.net\/black-friday-04\/","astra-sites-tag":{"423":"home"},"site-pages-type":"agency-mini","site-pages-page-builder":"elementor","site-pages-category":[],"site-pages-parent-category":{"60":"business","139":"other"},"required-plugins":[{"slug":"astra-addon","init":"astra-addon\/astra-addon.php","name":"Astra Pro"},{"slug":"elementor","init":"elementor\/elementor.php","name":"Elementor"},{"slug":"ultimate-elementor","init":"ultimate-elementor\/ultimate-elementor.php","name":"Ultimate Addons for Elementor"},{"slug":"woocommerce","init":"woocommerce\/woocommerce.php","name":"WooCommerce"}]},"id-84446":{"title":"About","featured-image-url":"https:\/\/websitedemos.net\/wp-content\/uploads\/2023\/11\/black-friday-04-about.jpg","thumbnail-image-url":"https:\/\/websitedemos.net\/wp-content\/uploads\/2023\/11\/black-friday-04-about-600x1708.jpg","astra-page-api-url":"https:\/\/websitedemos.net\/black-friday-04\/wp-json\/wp\/v2\/pages\/289","dynamic-page":"no","astra-page-url":"\/\/websitedemos.net\/black-friday-04\/about\/","astra-sites-tag":{"352":"about"},"site-pages-type":"agency-mini","site-pages-page-builder":"elementor","site-pages-category":[],"site-pages-parent-category":{"60":"business","139":"other"},"required-plugins":[{"slug":"astra-addon","init":"astra-addon\/astra-addon.php","name":"Astra Pro"},{"slug":"elementor","init":"elementor\/elementor.php","name":"Elementor"}]},"id-84447":{"title":"Contact","featured-image-url":"https:\/\/websitedemos.net\/wp-content\/uploads\/2023\/11\/black-friday-04-contact.jpg","thumbnail-image-url":"https:\/\/websitedemos.net\/wp-content\/uploads\/2023\/11\/black-friday-04-contact-600x803.jpg","astra-page-api-url":"https:\/\/websitedemos.net\/black-friday-04\/wp-json\/wp\/v2\/pages\/291","dynamic-page":"no","astra-page-url":"\/\/websitedemos.net\/black-friday-04\/contact\/","astra-sites-tag":{"415":"contact"},"site-pages-type":"agency-mini","site-pages-page-builder":"elementor","site-pages-category":[],"site-pages-parent-category":{"60":"business","139":"other"},"required-plugins":[{"slug":"astra-addon","init":"astra-addon\/astra-addon.php","name":"Astra Pro"},{"slug":"elementor","init":"elementor\/elementor.php","name":"Elementor"},{"slug":"wpforms-lite","init":"wpforms-lite\/wpforms.php","name":"WPForms Lite"}]}},"related-bb-template":"","related-elementor-template":84445,"related-gutenberg-template":84958,"related_ecommerce_template":"","ecommerce_parent_template":""},"id-85107":{"title":"Christmas Shop","id":85107,"publish-date":1703694741,"featured-image-url":"https:\/\/websitedemos.net\/wp-content\/uploads\/2023\/12\/christmas-shop-04.jpg","thumbnail-image-url":"https:\/\/websitedemos.net\/wp-content\/uploads\/2023\/12\/christmas-shop-04-600x2803.jpg","fullpage-thumbnail-image-url":"https:\/\/websitedemos.net\/wp-content\/uploads\/2023\/12\/christmas-shop-04-400x1869.jpg","astra-site-url":"\/\/websitedemos.net\/christmas-shop-04","astra-site-parent-id":3403,"astra-sites-tag":{"639":"accessories","3021":"christmas","3404":"christmas-shopping","3024":"christmasfun","3025":"christmasmood","3026":"christmasspirit","3023":"christmastime","3030":"christmasvibes","2697":"clothes","496":"ecommerce","733":"shop","2416":"shopping"},"astra-sites-type":"agency-mini","astra-site-category":{"38":"ecommerce"},"astra-sites-template-category":{"2769":"ecommerce","2784":"event"},"astra-site-page-builder":"elementor","categories":{"3427":"default","2495":"ecommerce","3429":"premium"},"required-plugins":[{"slug":"astra-addon","init":"astra-addon\/astra-addon.php","name":"Astra Pro"},{"slug":"elementor","init":"elementor\/elementor.php","name":"Elementor"},{"slug":"woocommerce","init":"woocommerce\/woocommerce.php","name":"WooCommerce"},{"slug":"woocommerce-payments","init":"woocommerce-payments\/woocommerce-payments.php","name":"WooPayments"},{"slug":"wpforms-lite","init":"wpforms-lite\/wpforms.php","name":"WPForms Lite"},{"slug":"checkout-plugins-stripe-woo","init":"checkout-plugins-stripe-woo\/checkout-plugins-stripe-woo.php","name":"Checkout Plugins - Stripe for WooCommerce"}],"post-status":"publish","post-content":"<!-- wp:paragraph -->\n<p>Spread the cheer online with our Christmas Shop web template. Dress your online store in holiday splendor with our Christmas Shop web template. The design captures the festive spirit, ensuring your products shine as bright as Rudolph's nose.<\/p>\n<!-- \/wp:paragraph -->\n\n<!-- wp:paragraph -->\n<p>Managing your online Christmas shop has never been this easy. The template is fast, fully responsive, SEO friendly and has all you need to sell online. Let the sleigh bells ring and the orders jingle with a website as delightful as the season it celebrates!<\/p>\n<!-- \/wp:paragraph -->\n\n<!-- wp:heading -->\n<h2 class=\"wp-block-heading\">Key features of the Christmas Shop Template:<\/h2>\n<!-- \/wp:heading -->\n\n<!-- wp:list -->\n<ul><!-- wp:list-item -->\n<li>Festive design for Christmas stores<\/li>\n<!-- \/wp:list-item -->\n\n<!-- wp:list-item -->\n<li>Fully supports SureCart and WooCommerce<\/li>\n<!-- \/wp:list-item -->\n\n<!-- wp:list-item -->\n<li>Vibrant and engaging page sections<\/li>\n<!-- \/wp:list-item -->\n\n<!-- wp:list-item -->\n<li>Fully customizable and SEO friendly<\/li>\n<!-- \/wp:list-item -->\n\n<!-- wp:list-item -->\n<li>Full compatibility with leading page builders<\/li>\n<!-- \/wp:list-item --><\/ul>\n<!-- \/wp:list -->","post-excerpt":"Unwrap the joy with our festive Christmas shop template","pages":{"id-85110":{"title":"Home","featured-image-url":"https:\/\/websitedemos.net\/wp-content\/uploads\/2023\/12\/christmas-shop-04.jpg","thumbnail-image-url":"https:\/\/websitedemos.net\/wp-content\/uploads\/2023\/12\/christmas-shop-04-600x2803.jpg","astra-page-api-url":"https:\/\/websitedemos.net\/christmas-shop-04\/wp-json\/wp\/v2\/pages\/288","dynamic-page":"yes","astra-page-url":"\/\/websitedemos.net\/christmas-shop-04\/","astra-sites-tag":{"423":"home"},"site-pages-type":"agency-mini","site-pages-page-builder":"elementor","site-pages-category":[],"site-pages-parent-category":{"64":"ecommerce"},"required-plugins":[{"slug":"astra-addon","init":"astra-addon\/astra-addon.php","name":"Astra Pro"},{"slug":"elementor","init":"elementor\/elementor.php","name":"Elementor"},{"slug":"woocommerce","init":"woocommerce\/woocommerce.php","name":"WooCommerce"},{"slug":"woocommerce-payments","init":"woocommerce-payments\/woocommerce-payments.php","name":"WooPayments"}]},"id-85108":{"title":"About","featured-image-url":"https:\/\/websitedemos.net\/wp-content\/uploads\/2023\/12\/christmas-shop-04-about.jpg","thumbnail-image-url":"https:\/\/websitedemos.net\/wp-content\/uploads\/2023\/12\/christmas-shop-04-about-600x1673.jpg","astra-page-api-url":"https:\/\/websitedemos.net\/christmas-shop-04\/wp-json\/wp\/v2\/pages\/291","dynamic-page":"no","astra-page-url":"\/\/websitedemos.net\/christmas-shop-04\/about\/","astra-sites-tag":{"352":"about"},"site-pages-type":"agency-mini","site-pages-page-builder":"elementor","site-pages-category":[],"site-pages-parent-category":{"64":"ecommerce"},"required-plugins":[{"slug":"astra-addon","init":"astra-addon\/astra-addon.php","name":"Astra Pro"},{"slug":"elementor","init":"elementor\/elementor.php","name":"Elementor"}]},"id-85109":{"title":"Contact","featured-image-url":"https:\/\/websitedemos.net\/wp-content\/uploads\/2023\/12\/christmas-shop-04-contact.jpg","thumbnail-image-url":"https:\/\/websitedemos.net\/wp-content\/uploads\/2023\/12\/christmas-shop-04-contact-600x1045.jpg","astra-page-api-url":"https:\/\/websitedemos.net\/christmas-shop-04\/wp-json\/wp\/v2\/pages\/293","dynamic-page":"no","astra-page-url":"\/\/websitedemos.net\/christmas-shop-04\/contact\/","astra-sites-tag":{"415":"contact"},"site-pages-type":"agency-mini","site-pages-page-builder":"elementor","site-pages-category":[],"site-pages-parent-category":{"64":"ecommerce"},"required-plugins":[{"slug":"astra-addon","init":"astra-addon\/astra-addon.php","name":"Astra Pro"},{"slug":"elementor","init":"elementor\/elementor.php","name":"Elementor"},{"slug":"wpforms-lite","init":"wpforms-lite\/wpforms.php","name":"WPForms Lite"}]}},"related-bb-template":"","related-elementor-template":85107,"related-gutenberg-template":"","related_ecommerce_template":"","ecommerce_parent_template":""},"id-82675":{"title":"Halloween Shop","id":82675,"publish-date":1697712562,"featured-image-url":"https:\/\/websitedemos.net\/wp-content\/uploads\/2023\/10\/halloween-shop-04.jpg","thumbnail-image-url":"https:\/\/websitedemos.net\/wp-content\/uploads\/2023\/10\/halloween-shop-04-600x2926.jpg","fullpage-thumbnail-image-url":"https:\/\/websitedemos.net\/wp-content\/uploads\/2023\/10\/halloween-shop-04-400x1951.jpg","astra-site-url":"\/\/websitedemos.net\/halloween-shop-04","astra-site-parent-id":3386,"astra-sites-tag":{"597":"art","2947":"autumn-2","496":"ecommerce","1817":"ecommerce-store","2946":"halloweeenparty","2943":"halloween-2","2944":"halloweencostume-2","2948":"halloweendecor-2","2951":"halloweenmakeup-2","2950":"happyhalloween-2","2952":"pumpkin-2","2953":"spookyseason-2","2949":"trcikortreat","2700":"woocommece"},"astra-sites-type":"agency-mini","astra-site-category":{"38":"ecommerce"},"astra-sites-template-category":{"2769":"ecommerce","2784":"event"},"astra-site-page-builder":"elementor","categories":{"3430":"dark","3427":"default","2495":"ecommerce","3429":"premium"},"required-plugins":[{"slug":"astra-addon","init":"astra-addon\/astra-addon.php","name":"Astra Pro"},{"slug":"elementor","init":"elementor\/elementor.php","name":"Elementor"},{"slug":"woocommerce","init":"woocommerce\/woocommerce.php","name":"WooCommerce"},{"slug":"wpforms-lite","init":"wpforms-lite\/wpforms.php","name":"WPForms Lite"},{"slug":"checkout-plugins-stripe-woo","init":"checkout-plugins-stripe-woo\/checkout-plugins-stripe-woo.php","name":"Checkout Plugins - Stripe for WooCommerce"}],"post-status":"publish","post-content":"<!-- wp:paragraph -->\n<p>Step into the world of enchantment with our Halloween Shop template! Crafted to give your store a spooktacular makeover, this fully responsive template is your key to success.<\/p>\n<!-- \/wp:paragraph -->\n\n<!-- wp:paragraph -->\n<p>The design is wickedly delightful, capturing the essence of Halloween and creating an immersive experience for your customers. Navigating through your eerie products and seasonal specials is a breeze, thanks to the user-friendly features that make online shopping a joy.<\/p>\n<!-- \/wp:paragraph -->\n\n<!-- wp:heading -->\n<h2 class=\"wp-block-heading\">Key features of the Halloween Shop Template:<\/h2>\n<!-- \/wp:heading -->\n\n<!-- wp:list -->\n<ul><!-- wp:list-item -->\n<li>Wicked shop design ideal for Halloween<\/li>\n<!-- \/wp:list-item -->\n\n<!-- wp:list-item -->\n<li>User-friendly and built for online stores<\/li>\n<!-- \/wp:list-item -->\n\n<!-- wp:list-item -->\n<li>Fast and fully responsive<\/li>\n<!-- \/wp:list-item -->\n\n<!-- wp:list-item -->\n<li>Professional quality designs<\/li>\n<!-- \/wp:list-item -->\n\n<!-- wp:list-item -->\n<li>Full compatibility with popular page builders<\/li>\n<!-- \/wp:list-item --><\/ul>\n<!-- \/wp:list -->","post-excerpt":"Elevate your Halloween shop with our spellbinding website template!","pages":{"id-82678":{"title":"Home","featured-image-url":"https:\/\/websitedemos.net\/wp-content\/uploads\/2023\/10\/halloween-shop-04.jpg","thumbnail-image-url":"https:\/\/websitedemos.net\/wp-content\/uploads\/2023\/10\/halloween-shop-04-600x2926.jpg","astra-page-api-url":"https:\/\/websitedemos.net\/halloween-shop-04\/wp-json\/wp\/v2\/pages\/282","dynamic-page":"yes","astra-page-url":"\/\/websitedemos.net\/halloween-shop-04\/","astra-sites-tag":{"423":"home"},"site-pages-type":"agency-mini","site-pages-page-builder":"elementor","site-pages-category":[],"site-pages-parent-category":{"64":"ecommerce"},"required-plugins":[{"slug":"elementor","init":"elementor\/elementor.php","name":"Elementor"},{"slug":"woocommerce","init":"woocommerce\/woocommerce.php","name":"WooCommerce"}]},"id-82676":{"title":"About","featured-image-url":"https:\/\/websitedemos.net\/wp-content\/uploads\/2023\/10\/halloween-shop-04-about.jpg","thumbnail-image-url":"https:\/\/websitedemos.net\/wp-content\/uploads\/2023\/10\/halloween-shop-04-about-600x1009.jpg","astra-page-api-url":"https:\/\/websitedemos.net\/halloween-shop-04\/wp-json\/wp\/v2\/pages\/285","dynamic-page":"no","astra-page-url":"\/\/websitedemos.net\/halloween-shop-04\/about\/","astra-sites-tag":{"352":"about"},"site-pages-type":"agency-mini","site-pages-page-builder":"elementor","site-pages-category":[],"site-pages-parent-category":{"64":"ecommerce"},"required-plugins":[{"slug":"elementor","init":"elementor\/elementor.php","name":"Elementor"}]},"id-82677":{"title":"Contact","featured-image-url":"https:\/\/websitedemos.net\/wp-content\/uploads\/2023\/10\/halloween-shop-04-contact.jpg","thumbnail-image-url":"https:\/\/websitedemos.net\/wp-content\/uploads\/2023\/10\/halloween-shop-04-contact-600x666.jpg","astra-page-api-url":"https:\/\/websitedemos.net\/halloween-shop-04\/wp-json\/wp\/v2\/pages\/287","dynamic-page":"no","astra-page-url":"\/\/websitedemos.net\/halloween-shop-04\/contact\/","astra-sites-tag":{"415":"contact"},"site-pages-type":"agency-mini","site-pages-page-builder":"elementor","site-pages-category":[],"site-pages-parent-category":{"64":"ecommerce"},"required-plugins":[{"slug":"elementor","init":"elementor\/elementor.php","name":"Elementor"},{"slug":"wpforms-lite","init":"wpforms-lite\/wpforms.php","name":"WPForms Lite"}]}},"related-bb-template":"","related-elementor-template":82675,"related-gutenberg-template":"","related_ecommerce_template":"","ecommerce_parent_template":""},"id-82657":{"title":"Halloween","id":82657,"publish-date":1697658717,"featured-image-url":"https:\/\/websitedemos.net\/wp-content\/uploads\/2023\/10\/halloween-event-04.jpg","thumbnail-image-url":"https:\/\/websitedemos.net\/wp-content\/uploads\/2023\/10\/halloween-event-04-600x3358.jpg","fullpage-thumbnail-image-url":"https:\/\/websitedemos.net\/wp-content\/uploads\/2023\/10\/halloween-event-04-400x2239.jpg","astra-site-url":"\/\/websitedemos.net\/halloween-event-04","astra-site-parent-id":3384,"astra-sites-tag":{"597":"art","2947":"autumn-2","409":"event","1569":"events","2946":"halloweeenparty","2943":"halloween-2","2944":"halloweencostume-2","2948":"halloweendecor-2","2951":"halloweenmakeup-2","2950":"happyhalloween-2","2952":"pumpkin-2","2953":"spookyseason-2","2949":"trcikortreat"},"astra-sites-type":"agency-mini","astra-site-category":{"36":"other"},"astra-sites-template-category":{"2784":"event"},"astra-site-page-builder":"elementor","categories":{"3430":"dark","3427":"default","2489":"event-invitation","3429":"premium"},"required-plugins":[{"slug":"elementor","init":"elementor\/elementor.php","name":"Elementor"},{"slug":"wpforms-lite","init":"wpforms-lite\/wpforms.php","name":"WPForms Lite"}],"post-status":"publish","post-content":"<!-- wp:paragraph -->\n<p>Get ready to enchant your online visitors with our exclusive Halloween Event website template! It's not just a template; it's your secret weapon to make your website as hauntingly stylish as Halloween itself.<\/p>\n<!-- \/wp:paragraph -->\n\n<!-- wp:paragraph -->\n<p>Don't let slow-loading pages give your visitors a fright \u2013 our template ensures a fast and seamless experience, keeping them hooked on your bewitching content. Fast, fully responsive, fully customizable and ready to engage.<\/p>\n<!-- \/wp:paragraph -->\n\n<!-- wp:heading -->\n<h2 class=\"wp-block-heading\">Key features of the Halloween Template:<\/h2>\n<!-- \/wp:heading -->\n\n<!-- wp:list -->\n<ul><!-- wp:list-item -->\n<li>Haunting design for Halloween<\/li>\n<!-- \/wp:list-item -->\n\n<!-- wp:list-item -->\n<li>User-friendly and very easy to use<\/li>\n<!-- \/wp:list-item -->\n\n<!-- wp:list-item -->\n<li>Fast performance with plenty of options<\/li>\n<!-- \/wp:list-item -->\n\n<!-- wp:list-item -->\n<li>Professional quality design ready to represent your brand<\/li>\n<!-- \/wp:list-item -->\n\n<!-- wp:list-item -->\n<li>Full compatibility with popular page builders<\/li>\n<!-- \/wp:list-item --><\/ul>\n<!-- \/wp:list -->","post-excerpt":"Summon spooktacular success with a Halloween Event web template","pages":{"id-82661":{"title":"Home","featured-image-url":"https:\/\/websitedemos.net\/wp-content\/uploads\/2023\/10\/halloween-event-04.jpg","thumbnail-image-url":"https:\/\/websitedemos.net\/wp-content\/uploads\/2023\/10\/halloween-event-04-600x3358.jpg","astra-page-api-url":"https:\/\/websitedemos.net\/halloween-event-04\/wp-json\/wp\/v2\/pages\/279","dynamic-page":"no","astra-page-url":"\/\/websitedemos.net\/halloween-event-04\/","astra-sites-tag":{"423":"home"},"site-pages-type":"agency-mini","site-pages-page-builder":"elementor","site-pages-category":[],"site-pages-parent-category":{"139":"other"},"required-plugins":[{"slug":"elementor","init":"elementor\/elementor.php","name":"Elementor"}]},"id-82658":{"title":"About","featured-image-url":"https:\/\/websitedemos.net\/wp-content\/uploads\/2023\/10\/halloween-event-04-about.jpg","thumbnail-image-url":"https:\/\/websitedemos.net\/wp-content\/uploads\/2023\/10\/halloween-event-04-about-600x2256.jpg","astra-page-api-url":"https:\/\/websitedemos.net\/halloween-event-04\/wp-json\/wp\/v2\/pages\/284","dynamic-page":"no","astra-page-url":"\/\/websitedemos.net\/halloween-event-04\/about\/","astra-sites-tag":{"352":"about"},"site-pages-type":"agency-mini","site-pages-page-builder":"elementor","site-pages-category":[],"site-pages-parent-category":{"139":"other"},"required-plugins":[{"slug":"elementor","init":"elementor\/elementor.php","name":"Elementor"}]},"id-82660":{"title":"Demonstrations","featured-image-url":"https:\/\/websitedemos.net\/wp-content\/uploads\/2023\/10\/halloween-event-04-demonstrations.jpg","thumbnail-image-url":"https:\/\/websitedemos.net\/wp-content\/uploads\/2023\/10\/halloween-event-04-demonstrations-600x2236.jpg","astra-page-api-url":"https:\/\/websitedemos.net\/halloween-event-04\/wp-json\/wp\/v2\/pages\/282","dynamic-page":"no","astra-page-url":"\/\/websitedemos.net\/halloween-event-04\/demonstrations\/","astra-sites-tag":{"3385":"demonstrations"},"site-pages-type":"agency-mini","site-pages-page-builder":"elementor","site-pages-category":[],"site-pages-parent-category":{"139":"other"},"required-plugins":[{"slug":"elementor","init":"elementor\/elementor.php","name":"Elementor"}]},"id-82659":{"title":"Contact","featured-image-url":"https:\/\/websitedemos.net\/wp-content\/uploads\/2023\/10\/halloween-event-04-contact.jpg","thumbnail-image-url":"https:\/\/websitedemos.net\/wp-content\/uploads\/2023\/10\/halloween-event-04-contact-600x987.jpg","astra-page-api-url":"https:\/\/websitedemos.net\/halloween-event-04\/wp-json\/wp\/v2\/pages\/286","dynamic-page":"no","astra-page-url":"\/\/websitedemos.net\/halloween-event-04\/contact\/","astra-sites-tag":{"415":"contact"},"site-pages-type":"agency-mini","site-pages-page-builder":"elementor","site-pages-category":[],"site-pages-parent-category":{"139":"other"},"required-plugins":[{"slug":"elementor","init":"elementor\/elementor.php","name":"Elementor"},{"slug":"wpforms-lite","init":"wpforms-lite\/wpforms.php","name":"WPForms Lite"}]}},"related-bb-template":"","related-elementor-template":82657,"related-gutenberg-template":"","related_ecommerce_template":"","ecommerce_parent_template":""},"id-73550":{"title":"Ursula Jones &#8211; Traveller","id":73550,"publish-date":1681833186,"featured-image-url":"https:\/\/websitedemos.net\/wp-content\/uploads\/2023\/04\/ursulajones-traveller.jpg","thumbnail-image-url":"https:\/\/websitedemos.net\/wp-content\/uploads\/2023\/04\/ursulajones-traveller-600x900.jpg","fullpage-thumbnail-image-url":"https:\/\/websitedemos.net\/wp-content\/uploads\/2023\/04\/ursulajones-traveller-400x600.jpg","astra-site-url":"\/\/websitedemos.net\/ursulajones-traveller-index-bio-02","astra-site-parent-id":3190,"astra-sites-tag":{"1918":"beach","1023":"beauty","3064":"life","541":"mountains","3181":"sunset","427":"travel","3179":"travel-photography","3178":"traveller","3180":"travelling","3182":"traveltheworld"},"astra-sites-type":"free","astra-site-category":{"39":"free"},"astra-sites-template-category":{"3171":"link-in-bio","2770":"personal","2768":"portfolio"},"astra-site-page-builder":"elementor","categories":{"3427":"default","3428":"free","3191":"link-in-bio","3433":"modern","2927":"one-page","2488":"portfolio"},"required-plugins":[{"slug":"elementor","init":"elementor\/elementor.php","name":"Elementor"}],"post-status":"publish","post-content":"<!-- wp:paragraph -->\n<p>The Social Media Travel Influencer link in bio template is a flexible alternative to Linktree. It\u2019s good-looking, flexible, and fully responsive so it will look just as good on any device and screen size.<\/p>\n<!-- \/wp:paragraph -->\n\n<!-- wp:paragraph -->\n<p>Link in bio pages are the latest way to show off your work. They are simple landing pages where you can share your links and gather an audience, and the Social Media Travel Influencer link in bio template is the perfect way to do it!<\/p>\n<!-- \/wp:paragraph -->\n\n<!-- wp:heading -->\n<h2>Key features of the Social Media Travel Influencer link in bio template<\/h2>\n<!-- \/wp:heading -->\n\n<!-- wp:list -->\n<ul><!-- wp:list-item -->\n<li>Attractive Landing tree alternative<\/li>\n<!-- \/wp:list-item -->\n\n<!-- wp:list-item -->\n<li>Fully responsive and works well on any screen size<\/li>\n<!-- \/wp:list-item -->\n\n<!-- wp:list-item -->\n<li>Fully customizable using built-in tools<\/li>\n<!-- \/wp:list-item -->\n\n<!-- wp:list-item -->\n<li>Flexible content and link areas<\/li>\n<!-- \/wp:list-item -->\n\n<!-- wp:list-item -->\n<li>Full compatibility with leading page builders<\/li>\n<!-- \/wp:list-item --><\/ul>\n<!-- \/wp:list -->","post-excerpt":"The Social Media Travel Influencer link in bio template has everything to attract attention!","pages":{"id-73551":{"title":"Home","featured-image-url":"https:\/\/websitedemos.net\/wp-content\/uploads\/2023\/04\/ursulajones-traveller-index-bio-02.jpg","thumbnail-image-url":"https:\/\/websitedemos.net\/wp-content\/uploads\/2023\/04\/ursulajones-traveller-index-bio-02-600x347.jpg","astra-page-api-url":"https:\/\/websitedemos.net\/ursulajones-traveller-index-bio-02\/wp-json\/wp\/v2\/pages\/5","dynamic-page":"no","astra-page-url":"\/\/websitedemos.net\/ursulajones-traveller-index-bio-02\/","astra-sites-tag":{"423":"home"},"site-pages-type":"free","site-pages-page-builder":"elementor","site-pages-category":[],"site-pages-parent-category":{"61":"free"},"required-plugins":[{"slug":"elementor","init":"elementor\/elementor.php","name":"Elementor"}]}},"related-bb-template":"","related-elementor-template":"","related-gutenberg-template":"","related_ecommerce_template":"","ecommerce_parent_template":""},"id-73411":{"title":"Artist Multipurpose","id":73411,"publish-date":1681496599,"featured-image-url":"https:\/\/websitedemos.net\/wp-content\/uploads\/2023\/04\/artist-multipurpose-02-1.jpg","thumbnail-image-url":"https:\/\/websitedemos.net\/wp-content\/uploads\/2023\/04\/artist-multipurpose-02-1-600x1546.jpg","fullpage-thumbnail-image-url":"https:\/\/websitedemos.net\/wp-content\/uploads\/2023\/04\/artist-multipurpose-02-1-400x1030.jpg","astra-site-url":"\/\/websitedemos.net\/artist-multipurpose-02","astra-site-parent-id":3140,"astra-sites-tag":{"1511":"artisan","339":"artist","2299":"artist-portfolio","2456":"generic","2667":"generic-template","1526":"multi-purpose","2493":"multipurpose","614":"painter","2284":"painter-artist","1512":"painting","861":"paintings","3013":"template","2726":"visual-artist"},"astra-sites-type":"free","astra-site-category":{"39":"free","36":"other"},"astra-sites-template-category":{"2802":"artist","2791":"creative","2860":"multipurpose","2770":"personal","2797":"simple-minimal"},"astra-site-page-builder":"elementor","categories":{"2486":"art-music","3427":"default","3428":"free","2500":"multipurpose","2488":"portfolio"},"required-plugins":[{"slug":"elementor","init":"elementor\/elementor.php","name":"Elementor"},{"slug":"wpforms-lite","init":"wpforms-lite\/wpforms.php","name":"WPForms Lite"}],"post-status":"publish","post-content":"<!-- wp:paragraph -->\n<p>The Artist Generic Multipurpose template is a classy design ideal for showing off your creative work, building an online portfolio, and sharing your story with the world. If you\u2019re looking to attract sponsors, and clients or build a community, this is the template you need.<\/p>\n<!-- \/wp:paragraph -->\n\n<!-- wp:paragraph -->\n<p>The design is trendy, with a soft background color, a free-flowing layout, and a subtle parallax effect. There are content blocks throughout as well as a large portfolio section and an attractive gallery page to showcase your work.<\/p>\n<!-- \/wp:paragraph -->\n\n<!-- wp:heading {\"UAGDay\":[]} -->\n<h2 class=\"wp-block-heading\">Key features of the Artist Generic Multipurpose template<\/h2>\n<!-- \/wp:heading -->\n\n<!-- wp:list -->\n<ul><!-- wp:list-item -->\n<li>Classy modern design with instant engagement<\/li>\n<!-- \/wp:list-item -->\n\n<!-- wp:list-item -->\n<li>Frameless layout works amazingly well<\/li>\n<!-- \/wp:list-item -->\n\n<!-- wp:list-item -->\n<li>Attractive portfolio sections and gallery page<\/li>\n<!-- \/wp:list-item -->\n\n<!-- wp:list-item -->\n<li>Fully responsive and SEO-friendly<\/li>\n<!-- \/wp:list-item -->\n\n<!-- wp:list-item -->\n<li>Full compatibility with leading page builders<\/li>\n<!-- \/wp:list-item --><\/ul>\n<!-- \/wp:list -->","post-excerpt":"The Artist Generic Multipurpose template is all the portfolio you need to share your work","pages":{"id-73415":{"title":"Home","featured-image-url":"https:\/\/websitedemos.net\/wp-content\/uploads\/2023\/04\/artist-multipurpose-02.jpg","thumbnail-image-url":"https:\/\/websitedemos.net\/wp-content\/uploads\/2023\/04\/artist-multipurpose-02-600x1546.jpg","astra-page-api-url":"https:\/\/websitedemos.net\/artist-multipurpose-02\/wp-json\/wp\/v2\/pages\/8","dynamic-page":"no","astra-page-url":"\/\/websitedemos.net\/artist-multipurpose-02\/","astra-sites-tag":{"423":"home"},"site-pages-type":"free","site-pages-page-builder":"elementor","site-pages-category":[],"site-pages-parent-category":{"61":"free","139":"other"},"required-plugins":[{"slug":"elementor","init":"elementor\/elementor.php","name":"Elementor"}]},"id-73412":{"title":"About","featured-image-url":"https:\/\/websitedemos.net\/wp-content\/uploads\/2023\/04\/artist-multipurpose-02-about.jpg","thumbnail-image-url":"https:\/\/websitedemos.net\/wp-content\/uploads\/2023\/04\/artist-multipurpose-02-about-600x1198.jpg","astra-page-api-url":"https:\/\/websitedemos.net\/artist-multipurpose-02\/wp-json\/wp\/v2\/pages\/11","dynamic-page":"no","astra-page-url":"\/\/websitedemos.net\/artist-multipurpose-02\/about\/","astra-sites-tag":{"352":"about"},"site-pages-type":"free","site-pages-page-builder":"elementor","site-pages-category":[],"site-pages-parent-category":{"61":"free","139":"other"},"required-plugins":[{"slug":"elementor","init":"elementor\/elementor.php","name":"Elementor"}]},"id-73414":{"title":"Gallery","featured-image-url":"https:\/\/websitedemos.net\/wp-content\/uploads\/2023\/04\/artist-multipurpose-02-gallery.jpg","thumbnail-image-url":"https:\/\/websitedemos.net\/wp-content\/uploads\/2023\/04\/artist-multipurpose-02-gallery-600x793.jpg","astra-page-api-url":"https:\/\/websitedemos.net\/artist-multipurpose-02\/wp-json\/wp\/v2\/pages\/13","dynamic-page":"no","astra-page-url":"\/\/websitedemos.net\/artist-multipurpose-02\/gallery\/","astra-sites-tag":{"461":"gallery"},"site-pages-type":"free","site-pages-page-builder":"elementor","site-pages-category":[],"site-pages-parent-category":{"61":"free","139":"other"},"required-plugins":[{"slug":"elementor","init":"elementor\/elementor.php","name":"Elementor"}]},"id-73413":{"title":"Contact","featured-image-url":"https:\/\/websitedemos.net\/wp-content\/uploads\/2023\/04\/artist-multipurpose-02-contact.jpg","thumbnail-image-url":"https:\/\/websitedemos.net\/wp-content\/uploads\/2023\/04\/artist-multipurpose-02-contact-600x654.jpg","astra-page-api-url":"https:\/\/websitedemos.net\/artist-multipurpose-02\/wp-json\/wp\/v2\/pages\/15","dynamic-page":"no","astra-page-url":"\/\/websitedemos.net\/artist-multipurpose-02\/contact\/","astra-sites-tag":{"415":"contact"},"site-pages-type":"free","site-pages-page-builder":"elementor","site-pages-category":[],"site-pages-parent-category":{"61":"free","139":"other"},"required-plugins":[{"slug":"elementor","init":"elementor\/elementor.php","name":"Elementor"},{"slug":"wpforms-lite","init":"wpforms-lite\/wpforms.php","name":"WPForms Lite"}]}},"related-bb-template":"","related-elementor-template":73411,"related-gutenberg-template":"","related_ecommerce_template":"","ecommerce_parent_template":""}}