{"id-57290":{"title":"Tech News","id":57290,"publish-date":1630403202,"featured-image-url":"https:\/\/websitedemos.net\/wp-content\/uploads\/2021\/08\/tech-news-03-home1.jpg","thumbnail-image-url":"https:\/\/websitedemos.net\/wp-content\/uploads\/2021\/08\/tech-news-03-home1.jpg","fullpage-thumbnail-image-url":"https:\/\/websitedemos.net\/wp-content\/uploads\/2021\/08\/tech-news-03-home1.jpg","astra-site-url":"\/\/websitedemos.net\/tech-news-03","astra-site-parent-id":2317,"astra-sites-tag":{"480":"blog","2275":"business-blog","2277":"business-magazine","2276":"business-news","2273":"editorial","2274":"magazine","2271":"news","2272":"publishing","2278":"publishing-house"},"astra-sites-type":"agency-mini","astra-site-category":{"37":"blog"},"astra-sites-template-category":[],"astra-site-page-builder":"beaver-builder","categories":{"2497":"blog"},"required-plugins":[{"slug":"beaver-builder-lite-version","init":"beaver-builder-lite-version\/fl-builder.php","name":"Beaver Builder Plugin (Lite Version)"},{"slug":"bb-ultimate-addon","init":"bb-ultimate-addon\/bb-ultimate-addon.php","name":"Ultimate Addons for Beaver Builder"},{"slug":"wpforms-lite","init":"wpforms-lite\/wpforms.php","name":"WPForms Lite"}],"post-status":"publish","post-content":"","post-excerpt":"","pages":{"id-57293":{"title":"Home","featured-image-url":"https:\/\/websitedemos.net\/wp-content\/uploads\/2021\/08\/tech-news-03-home1.jpg","thumbnail-image-url":"https:\/\/websitedemos.net\/wp-content\/uploads\/2021\/08\/tech-news-03-home1.jpg","astra-page-api-url":"https:\/\/websitedemos.net\/tech-news-03\/wp-json\/wp\/v2\/pages\/4","dynamic-page":"no","astra-page-url":"\/\/websitedemos.net\/tech-news-03\/","astra-sites-tag":{"423":"home"},"site-pages-type":"agency-mini","site-pages-page-builder":"beaver-builder","site-pages-category":[],"site-pages-parent-category":{"74":"blog"},"required-plugins":[{"slug":"beaver-builder-lite-version","init":"beaver-builder-lite-version\/fl-builder.php","name":"Beaver Builder Plugin (Lite Version)"},{"slug":"bb-ultimate-addon","init":"bb-ultimate-addon\/bb-ultimate-addon.php","name":"Ultimate Addons for Beaver Builder"},{"slug":"wpforms-lite","init":"wpforms-lite\/wpforms.php","name":"WPForms Lite"}]},"id-57291":{"title":"About","featured-image-url":"https:\/\/websitedemos.net\/wp-content\/uploads\/2021\/07\/tech-news-04-about.jpg","thumbnail-image-url":"https:\/\/websitedemos.net\/wp-content\/uploads\/2021\/07\/tech-news-04-about.jpg","astra-page-api-url":"https:\/\/websitedemos.net\/tech-news-03\/wp-json\/wp\/v2\/pages\/1231","dynamic-page":"no","astra-page-url":"\/\/websitedemos.net\/tech-news-03\/about\/","astra-sites-tag":{"352":"about"},"site-pages-type":"agency-mini","site-pages-page-builder":"beaver-builder","site-pages-category":[],"site-pages-parent-category":{"74":"blog"},"required-plugins":[{"slug":"beaver-builder-lite-version","init":"beaver-builder-lite-version\/fl-builder.php","name":"Beaver Builder Plugin (Lite Version)"},{"slug":"bb-ultimate-addon","init":"bb-ultimate-addon\/bb-ultimate-addon.php","name":"Ultimate Addons for Beaver Builder"}]},"id-57294":{"title":"Podcasts","featured-image-url":"https:\/\/websitedemos.net\/wp-content\/uploads\/2021\/07\/tech-news-04-podcasts.jpg","thumbnail-image-url":"https:\/\/websitedemos.net\/wp-content\/uploads\/2021\/07\/tech-news-04-podcasts.jpg","astra-page-api-url":"https:\/\/websitedemos.net\/tech-news-03\/wp-json\/wp\/v2\/pages\/1236","dynamic-page":"no","astra-page-url":"\/\/websitedemos.net\/tech-news-03\/podcasts\/","astra-sites-tag":{"2270":"podcasts"},"site-pages-type":"agency-mini","site-pages-page-builder":"beaver-builder","site-pages-category":[],"site-pages-parent-category":{"74":"blog"},"required-plugins":[{"slug":"beaver-builder-lite-version","init":"beaver-builder-lite-version\/fl-builder.php","name":"Beaver Builder Plugin (Lite Version)"},{"slug":"bb-ultimate-addon","init":"bb-ultimate-addon\/bb-ultimate-addon.php","name":"Ultimate Addons for Beaver Builder"}]},"id-57292":{"title":"Contact","featured-image-url":"https:\/\/websitedemos.net\/wp-content\/uploads\/2021\/07\/tech-news-04-contact.jpg","thumbnail-image-url":"https:\/\/websitedemos.net\/wp-content\/uploads\/2021\/07\/tech-news-04-contact.jpg","astra-page-api-url":"https:\/\/websitedemos.net\/tech-news-03\/wp-json\/wp\/v2\/pages\/1234","dynamic-page":"no","astra-page-url":"\/\/websitedemos.net\/tech-news-03\/contact\/","astra-sites-tag":{"415":"contact"},"site-pages-type":"agency-mini","site-pages-page-builder":"beaver-builder","site-pages-category":[],"site-pages-parent-category":{"74":"blog"},"required-plugins":[{"slug":"beaver-builder-lite-version","init":"beaver-builder-lite-version\/fl-builder.php","name":"Beaver Builder Plugin (Lite Version)"},{"slug":"bb-ultimate-addon","init":"bb-ultimate-addon\/bb-ultimate-addon.php","name":"Ultimate Addons for Beaver Builder"}]}},"related-bb-template":"","related-elementor-template":"","related-gutenberg-template":"","related_ecommerce_template":"","ecommerce_parent_template":""},"id-34244":{"title":"Pet Care","id":34244,"publish-date":1571857455,"featured-image-url":"https:\/\/websitedemos.net\/wp-content\/uploads\/2020\/01\/pet-care-03-home.jpg","thumbnail-image-url":"https:\/\/websitedemos.net\/wp-content\/uploads\/2020\/01\/pet-care-03-home.jpg","fullpage-thumbnail-image-url":"https:\/\/websitedemos.net\/wp-content\/uploads\/2020\/01\/pet-care-03-home.jpg","astra-site-url":"\/\/websitedemos.net\/pet-care-03","astra-site-parent-id":1010,"astra-sites-tag":{"376":"dog-training","375":"dog-walking","374":"pet-care","372":"pet-minding","371":"pet-sitting","373":"pet-training"},"astra-sites-type":"agency-mini","astra-site-category":{"27":"business"},"astra-sites-template-category":[],"astra-site-page-builder":"beaver-builder","categories":{"2472":"pets"},"required-plugins":[{"slug":"beaver-builder-lite-version","init":"beaver-builder-lite-version\/fl-builder.php","name":"Beaver Builder Plugin (Lite Version)"},{"slug":"bb-ultimate-addon","init":"bb-ultimate-addon\/bb-ultimate-addon.php","name":"Ultimate Addons for Beaver Builder"},{"slug":"wpforms-lite","init":"wpforms-lite\/wpforms.php","name":"WPForms Lite"}],"post-status":"publish","post-content":"","post-excerpt":"","pages":{"id-35752":{"title":"Home","featured-image-url":"https:\/\/websitedemos.net\/wp-content\/uploads\/2020\/01\/pet-care-03-home.jpg","thumbnail-image-url":"https:\/\/websitedemos.net\/wp-content\/uploads\/2020\/01\/pet-care-03-home.jpg","astra-page-api-url":"https:\/\/websitedemos.net\/pet-care-03\/wp-json\/wp\/v2\/pages\/415","dynamic-page":"no","astra-page-url":"\/\/websitedemos.net\/pet-care-03\/","astra-sites-tag":{"423":"home"},"site-pages-type":"agency-mini","site-pages-page-builder":"beaver-builder","site-pages-category":[],"site-pages-parent-category":{"60":"business"},"required-plugins":[{"slug":"beaver-builder-lite-version","init":"beaver-builder-lite-version\/fl-builder.php","name":"Beaver Builder Plugin (Lite Version)"},{"slug":"bb-ultimate-addon","init":"bb-ultimate-addon\/bb-ultimate-addon.php","name":"Ultimate Addons for Beaver Builder"}]},"id-35750":{"title":"About","featured-image-url":"https:\/\/websitedemos.net\/wp-content\/uploads\/2020\/01\/pet-care-03-about.jpg","thumbnail-image-url":"https:\/\/websitedemos.net\/wp-content\/uploads\/2020\/01\/pet-care-03-about.jpg","astra-page-api-url":"https:\/\/websitedemos.net\/pet-care-03\/wp-json\/wp\/v2\/pages\/29","dynamic-page":"no","astra-page-url":"\/\/websitedemos.net\/pet-care-03\/about\/","astra-sites-tag":{"352":"about"},"site-pages-type":"agency-mini","site-pages-page-builder":"beaver-builder","site-pages-category":[],"site-pages-parent-category":{"60":"business"},"required-plugins":[{"slug":"beaver-builder-lite-version","init":"beaver-builder-lite-version\/fl-builder.php","name":"Beaver Builder Plugin (Lite Version)"},{"slug":"bb-ultimate-addon","init":"bb-ultimate-addon\/bb-ultimate-addon.php","name":"Ultimate Addons for Beaver Builder"}]},"id-35754":{"title":"Services","featured-image-url":"https:\/\/websitedemos.net\/wp-content\/uploads\/2020\/01\/pet-care-03-services.jpg","thumbnail-image-url":"https:\/\/websitedemos.net\/wp-content\/uploads\/2020\/01\/pet-care-03-services.jpg","astra-page-api-url":"https:\/\/websitedemos.net\/pet-care-03\/wp-json\/wp\/v2\/pages\/31","dynamic-page":"no","astra-page-url":"\/\/websitedemos.net\/pet-care-03\/services\/","astra-sites-tag":{"425":"services"},"site-pages-type":"agency-mini","site-pages-page-builder":"beaver-builder","site-pages-category":[],"site-pages-parent-category":{"60":"business"},"required-plugins":[{"slug":"beaver-builder-lite-version","init":"beaver-builder-lite-version\/fl-builder.php","name":"Beaver Builder Plugin (Lite Version)"},{"slug":"bb-ultimate-addon","init":"bb-ultimate-addon\/bb-ultimate-addon.php","name":"Ultimate Addons for Beaver Builder"}]},"id-35753":{"title":"Reviews","featured-image-url":"https:\/\/websitedemos.net\/wp-content\/uploads\/2020\/01\/pet-care-03-reviews.jpg","thumbnail-image-url":"https:\/\/websitedemos.net\/wp-content\/uploads\/2020\/01\/pet-care-03-reviews.jpg","astra-page-api-url":"https:\/\/websitedemos.net\/pet-care-03\/wp-json\/wp\/v2\/pages\/33","dynamic-page":"no","astra-page-url":"\/\/websitedemos.net\/pet-care-03\/reviews\/","astra-sites-tag":{"432":"review"},"site-pages-type":"agency-mini","site-pages-page-builder":"beaver-builder","site-pages-category":[],"site-pages-parent-category":{"60":"business"},"required-plugins":[{"slug":"beaver-builder-lite-version","init":"beaver-builder-lite-version\/fl-builder.php","name":"Beaver Builder Plugin (Lite Version)"},{"slug":"bb-ultimate-addon","init":"bb-ultimate-addon\/bb-ultimate-addon.php","name":"Ultimate Addons for Beaver Builder"}]},"id-35751":{"title":"Contact","featured-image-url":"https:\/\/websitedemos.net\/wp-content\/uploads\/2020\/01\/pet-care-03-contact.jpg","thumbnail-image-url":"https:\/\/websitedemos.net\/wp-content\/uploads\/2020\/01\/pet-care-03-contact.jpg","astra-page-api-url":"https:\/\/websitedemos.net\/pet-care-03\/wp-json\/wp\/v2\/pages\/35","dynamic-page":"no","astra-page-url":"\/\/websitedemos.net\/pet-care-03\/contact\/","astra-sites-tag":{"415":"contact"},"site-pages-type":"agency-mini","site-pages-page-builder":"beaver-builder","site-pages-category":[],"site-pages-parent-category":{"60":"business"},"required-plugins":[{"slug":"beaver-builder-lite-version","init":"beaver-builder-lite-version\/fl-builder.php","name":"Beaver Builder Plugin (Lite Version)"},{"slug":"bb-ultimate-addon","init":"bb-ultimate-addon\/bb-ultimate-addon.php","name":"Ultimate Addons for Beaver Builder"},{"slug":"wpforms-lite","init":"wpforms-lite\/wpforms.php","name":"WPForms Lite"}]}},"related-bb-template":"","related-elementor-template":"","related-gutenberg-template":"","related_ecommerce_template":"","ecommerce_parent_template":""},"id-55904":{"title":"Advertising Agency","id":55904,"publish-date":1624378294,"featured-image-url":"https:\/\/websitedemos.net\/wp-content\/uploads\/2021\/06\/promotion-firm-04-home.jpg","thumbnail-image-url":"https:\/\/websitedemos.net\/wp-content\/uploads\/2021\/06\/promotion-firm-04-home.jpg","fullpage-thumbnail-image-url":"https:\/\/websitedemos.net\/wp-content\/uploads\/2021\/06\/promotion-firm-04-home.jpg","astra-site-url":"\/\/websitedemos.net\/public-relations-agency-04","astra-site-parent-id":2225,"astra-sites-tag":{"1587":"advertising-agency","2232":"advertising-company","2229":"advertising-firm","663":"agency","979":"company","3416":"elementor","1588":"marketing-agency","2233":"marketing-company","2228":"marketing-firm","2237":"media-agency","1844":"premium","2230":"press-agency","2227":"promotion-firm","2231":"publicity-firm","2234":"publicity-services"},"astra-sites-type":"agency-mini","astra-site-category":{"27":"business"},"astra-sites-template-category":{"2777":"business","2812":"digital-agency","2796":"digital-marketing","2768":"portfolio"},"astra-site-page-builder":"elementor","categories":{"2487":"agency","3427":"default","3429":"premium"},"required-plugins":[{"slug":"elementor","init":"elementor\/elementor.php","name":"Elementor"},{"slug":"wpforms-lite","init":"wpforms-lite\/wpforms.php","name":"WPForms Lite"}],"post-status":"publish","post-content":"<!-- wp:paragraph -->\n<p>Want to be the next big thing in advertising? Get your creative juices flowing with our Advertising Agency template. With its clean layout and creatively designed template, this agency website template will help you stand out from the crowd.&nbsp;<\/p>\n<!-- \/wp:paragraph -->\n\n<!-- wp:paragraph -->\n<p>You\u2019ll also be able to include a variety of services for your potential clients, along with case studies that will help them understand the process of working with you.<\/p>\n<!-- \/wp:paragraph -->\n\n<!-- wp:heading -->\n<h2>Key features of the Advertising Agency template<\/h2>\n<!-- \/wp:heading -->\n\n<!-- wp:list -->\n<ul><li>Beautifully designed website template to showcase the creative side of your business<\/li><li>A fully integrated template that promotes all the services you offer, case studies, customer reviews, and more<\/li><li>Add photos of your team members on the about page<\/li><li>A fully functional contact form that has Google maps integrated<\/li><li>Dedicated page to highlight your completed projects and case studies<\/li><\/ul>\n<!-- \/wp:list -->","post-excerpt":"A well-planned and professional layout that allows you to showcase your agency services","pages":{"id-55908":{"title":"Home","featured-image-url":"https:\/\/websitedemos.net\/wp-content\/uploads\/2021\/06\/promotion-firm-04-home.jpg","thumbnail-image-url":"https:\/\/websitedemos.net\/wp-content\/uploads\/2021\/06\/promotion-firm-04-home.jpg","astra-page-api-url":"https:\/\/websitedemos.net\/public-relations-agency-04\/wp-json\/wp\/v2\/pages\/72","dynamic-page":"no","astra-page-url":"\/\/websitedemos.net\/public-relations-agency-04\/","astra-sites-tag":{"423":"home"},"site-pages-type":"agency-mini","site-pages-page-builder":"elementor","site-pages-category":[],"site-pages-parent-category":{"60":"business"},"required-plugins":[{"slug":"elementor","init":"elementor\/elementor.php","name":"Elementor"}]},"id-55910":{"title":"Work","featured-image-url":"https:\/\/websitedemos.net\/wp-content\/uploads\/2021\/06\/promotion-firm-04-work.jpg","thumbnail-image-url":"https:\/\/websitedemos.net\/wp-content\/uploads\/2021\/06\/promotion-firm-04-work.jpg","astra-page-api-url":"https:\/\/websitedemos.net\/public-relations-agency-04\/wp-json\/wp\/v2\/pages\/364","dynamic-page":"no","astra-page-url":"\/\/websitedemos.net\/public-relations-agency-04\/work\/","astra-sites-tag":{"444":"portfolio","451":"work"},"site-pages-type":"agency-mini","site-pages-page-builder":"elementor","site-pages-category":[],"site-pages-parent-category":{"60":"business"},"required-plugins":[{"slug":"elementor","init":"elementor\/elementor.php","name":"Elementor"}]},"id-55909":{"title":"Services","featured-image-url":"https:\/\/websitedemos.net\/wp-content\/uploads\/2021\/06\/promotion-firm-04-services.jpg","thumbnail-image-url":"https:\/\/websitedemos.net\/wp-content\/uploads\/2021\/06\/promotion-firm-04-services.jpg","astra-page-api-url":"https:\/\/websitedemos.net\/public-relations-agency-04\/wp-json\/wp\/v2\/pages\/394","dynamic-page":"no","astra-page-url":"\/\/websitedemos.net\/public-relations-agency-04\/services\/","astra-sites-tag":{"425":"services"},"site-pages-type":"agency-mini","site-pages-page-builder":"elementor","site-pages-category":[],"site-pages-parent-category":{"60":"business"},"required-plugins":[{"slug":"elementor","init":"elementor\/elementor.php","name":"Elementor"}]},"id-55906":{"title":"Case Studies","featured-image-url":"https:\/\/websitedemos.net\/wp-content\/uploads\/2021\/06\/promotion-firm-04-case-studies.jpg","thumbnail-image-url":"https:\/\/websitedemos.net\/wp-content\/uploads\/2021\/06\/promotion-firm-04-case-studies.jpg","astra-page-api-url":"https:\/\/websitedemos.net\/public-relations-agency-04\/wp-json\/wp\/v2\/pages\/1105","dynamic-page":"no","astra-page-url":"\/\/websitedemos.net\/public-relations-agency-04\/case-studies\/","astra-sites-tag":{"780":"case-studies"},"site-pages-type":"agency-mini","site-pages-page-builder":"elementor","site-pages-category":[],"site-pages-parent-category":{"60":"business"},"required-plugins":[{"slug":"elementor","init":"elementor\/elementor.php","name":"Elementor"}]},"id-55905":{"title":"About","featured-image-url":"https:\/\/websitedemos.net\/wp-content\/uploads\/2021\/06\/promotion-firm-04-about.jpg","thumbnail-image-url":"https:\/\/websitedemos.net\/wp-content\/uploads\/2021\/06\/promotion-firm-04-about.jpg","astra-page-api-url":"https:\/\/websitedemos.net\/public-relations-agency-04\/wp-json\/wp\/v2\/pages\/395","dynamic-page":"no","astra-page-url":"\/\/websitedemos.net\/public-relations-agency-04\/about\/","astra-sites-tag":{"352":"about"},"site-pages-type":"agency-mini","site-pages-page-builder":"elementor","site-pages-category":[],"site-pages-parent-category":{"60":"business"},"required-plugins":[{"slug":"elementor","init":"elementor\/elementor.php","name":"Elementor"}]},"id-55907":{"title":"Contact","featured-image-url":"https:\/\/websitedemos.net\/wp-content\/uploads\/2021\/06\/promotion-firm-04-contact.jpg","thumbnail-image-url":"https:\/\/websitedemos.net\/wp-content\/uploads\/2021\/06\/promotion-firm-04-contact.jpg","astra-page-api-url":"https:\/\/websitedemos.net\/public-relations-agency-04\/wp-json\/wp\/v2\/pages\/396","dynamic-page":"no","astra-page-url":"\/\/websitedemos.net\/public-relations-agency-04\/contact\/","astra-sites-tag":{"415":"contact"},"site-pages-type":"agency-mini","site-pages-page-builder":"elementor","site-pages-category":[],"site-pages-parent-category":{"60":"business"},"required-plugins":[{"slug":"elementor","init":"elementor\/elementor.php","name":"Elementor"},{"slug":"wpforms-lite","init":"wpforms-lite\/wpforms.php","name":"WPForms Lite"}]}},"related-bb-template":"","related-elementor-template":55904,"related-gutenberg-template":"","related_ecommerce_template":"","ecommerce_parent_template":""},"id-49268":{"title":"Martial Arts School","id":49268,"publish-date":1607721065,"featured-image-url":"https:\/\/websitedemos.net\/wp-content\/uploads\/2020\/12\/martial-arts-04.jpg","thumbnail-image-url":"https:\/\/websitedemos.net\/wp-content\/uploads\/2020\/12\/martial-arts-04.jpg","fullpage-thumbnail-image-url":"https:\/\/websitedemos.net\/wp-content\/uploads\/2020\/12\/martial-arts-04.jpg","astra-site-url":"\/\/websitedemos.net\/martial-arts-04","astra-site-parent-id":1800,"astra-sites-tag":{"3420":"black","3419":"dark","3416":"elementor","1804":"karate","1803":"kung-fu","1801":"martial-arts","1805":"mixed-martial-arts","3418":"mobile-friendly","1844":"premium","3417":"responsive","1802":"self-defence"},"astra-sites-type":"agency-mini","astra-site-category":{"27":"business"},"astra-sites-template-category":{"2825":"coaching","2772":"education","2782":"school","2873":"tutor"},"astra-site-page-builder":"elementor","categories":{"2486":"art-music","3430":"dark","3427":"default","2491":"educational-institutes","3429":"premium"},"required-plugins":[{"slug":"elementor","init":"elementor\/elementor.php","name":"Elementor"},{"slug":"wpforms-lite","init":"wpforms-lite\/wpforms.php","name":"WPForms Lite"}],"post-status":"publish","post-content":"<!-- wp:paragraph -->\n<p>The Martial Arts School template is a professional and elegant design that allows you to showcase your martial arts school. It features a spacious homepage with an elegantly designed layout to allow for large photos and videos.<\/p>\n<!-- \/wp:paragraph -->\n\n<!-- wp:paragraph -->\n<p>The template is perfect for promoting the various martial arts courses, the instructors, student reviews, and more. A CTA is well integrated into the menu to help prospective students quickly start the programs.<\/p>\n<!-- \/wp:paragraph -->\n\n<!-- wp:heading -->\n<h2>Key features of the Martial Arts School template<\/h2>\n<!-- \/wp:heading -->\n\n<!-- wp:list -->\n<ul><li>Creatively designed layout that\u2019s perfect for a martial arts school website<\/li><li>Impressive use of colors, fonts, and images<\/li><li>Well-designed and planned out layouts for each of the pages, such as about, programs, testimonials, and contact<\/li><li>Showcase an introductory video of the martial arts school on the about page<\/li><li>Fully responsive design that looks great across all devices<\/li><\/ul>\n<!-- \/wp:list -->","post-excerpt":"Perfect template for a martial arts school and showcasing courses, instructors, and more","pages":{"id-49271":{"title":"Home","featured-image-url":"https:\/\/websitedemos.net\/wp-content\/uploads\/2020\/12\/martial-arts-04.jpg","thumbnail-image-url":"https:\/\/websitedemos.net\/wp-content\/uploads\/2020\/12\/martial-arts-04.jpg","astra-page-api-url":"https:\/\/websitedemos.net\/martial-arts-04\/wp-json\/wp\/v2\/pages\/4","dynamic-page":"no","astra-page-url":"\/\/websitedemos.net\/martial-arts-04\/","astra-sites-tag":{"423":"home"},"site-pages-type":"agency-mini","site-pages-page-builder":"elementor","site-pages-category":[],"site-pages-parent-category":{"60":"business"},"required-plugins":[{"slug":"elementor","init":"elementor\/elementor.php","name":"Elementor"}]},"id-49269":{"title":"About us","featured-image-url":"https:\/\/websitedemos.net\/wp-content\/uploads\/2020\/12\/martial-arts-04-about-us.jpg","thumbnail-image-url":"https:\/\/websitedemos.net\/wp-content\/uploads\/2020\/12\/martial-arts-04-about-us.jpg","astra-page-api-url":"https:\/\/websitedemos.net\/martial-arts-04\/wp-json\/wp\/v2\/pages\/127","dynamic-page":"no","astra-page-url":"\/\/websitedemos.net\/martial-arts-04\/about-us\/","astra-sites-tag":{"352":"about"},"site-pages-type":"agency-mini","site-pages-page-builder":"elementor","site-pages-category":[],"site-pages-parent-category":{"60":"business"},"required-plugins":[{"slug":"elementor","init":"elementor\/elementor.php","name":"Elementor"}]},"id-49272":{"title":"Programs","featured-image-url":"https:\/\/websitedemos.net\/wp-content\/uploads\/2020\/12\/martial-arts-04-programs.jpg","thumbnail-image-url":"https:\/\/websitedemos.net\/wp-content\/uploads\/2020\/12\/martial-arts-04-programs.jpg","astra-page-api-url":"https:\/\/websitedemos.net\/martial-arts-04\/wp-json\/wp\/v2\/pages\/163","dynamic-page":"no","astra-page-url":"\/\/websitedemos.net\/martial-arts-04\/programs\/","astra-sites-tag":{"989":"programs","425":"services"},"site-pages-type":"agency-mini","site-pages-page-builder":"elementor","site-pages-category":[],"site-pages-parent-category":{"60":"business"},"required-plugins":[{"slug":"elementor","init":"elementor\/elementor.php","name":"Elementor"}]},"id-49273":{"title":"Testimonials","featured-image-url":"https:\/\/websitedemos.net\/wp-content\/uploads\/2020\/12\/martial-arts-04-testimonial.jpg","thumbnail-image-url":"https:\/\/websitedemos.net\/wp-content\/uploads\/2020\/12\/martial-arts-04-testimonial.jpg","astra-page-api-url":"https:\/\/websitedemos.net\/martial-arts-04\/wp-json\/wp\/v2\/pages\/177","dynamic-page":"no","astra-page-url":"\/\/websitedemos.net\/martial-arts-04\/testimonials\/","astra-sites-tag":{"1615":"reviews","433":"testimonials"},"site-pages-type":"agency-mini","site-pages-page-builder":"elementor","site-pages-category":[],"site-pages-parent-category":{"60":"business"},"required-plugins":[{"slug":"elementor","init":"elementor\/elementor.php","name":"Elementor"}]},"id-49270":{"title":"Contact Us","featured-image-url":"https:\/\/websitedemos.net\/wp-content\/uploads\/2020\/12\/martial-arts-04-contact-us.jpg","thumbnail-image-url":"https:\/\/websitedemos.net\/wp-content\/uploads\/2020\/12\/martial-arts-04-contact-us.jpg","astra-page-api-url":"https:\/\/websitedemos.net\/martial-arts-04\/wp-json\/wp\/v2\/pages\/209","dynamic-page":"no","astra-page-url":"\/\/websitedemos.net\/martial-arts-04\/contact-us\/","astra-sites-tag":{"415":"contact","377":"get-in-touch"},"site-pages-type":"agency-mini","site-pages-page-builder":"elementor","site-pages-category":[],"site-pages-parent-category":{"60":"business"},"required-plugins":[{"slug":"elementor","init":"elementor\/elementor.php","name":"Elementor"},{"slug":"wpforms-lite","init":"wpforms-lite\/wpforms.php","name":"WPForms Lite"}]}},"related-bb-template":"","related-elementor-template":49268,"related-gutenberg-template":86333,"related_ecommerce_template":"","ecommerce_parent_template":""},"id-49809":{"title":"Learn Digital Marketing","id":49809,"publish-date":1612557346,"featured-image-url":"https:\/\/websitedemos.net\/wp-content\/uploads\/2021\/02\/learn-digital-marketing-02-homepage.jpg","thumbnail-image-url":"https:\/\/websitedemos.net\/wp-content\/uploads\/2021\/02\/learn-digital-marketing-02-homepage.jpg","fullpage-thumbnail-image-url":"https:\/\/websitedemos.net\/wp-content\/uploads\/2021\/02\/learn-digital-marketing-02-homepage.jpg","astra-site-url":"\/\/websitedemos.net\/learn-digital-marketing-02","astra-site-parent-id":1853,"astra-sites-tag":{"462":"courses","1855":"digital-marketing","3416":"elementor","467":"learndash","975":"online-learning","720":"tutorials"},"astra-sites-type":"free","astra-site-category":{"27":"business","39":"free"},"astra-sites-template-category":{"2825":"coaching","2796":"digital-marketing","2835":"elearning","2880":"membership","2827":"online-course","2873":"tutor"},"astra-site-page-builder":"elementor","categories":{"3427":"default","2494":"elearning","3428":"free"},"required-plugins":[{"slug":"elementor","init":"elementor\/elementor.php","name":"Elementor"},{"slug":"sfwd-lms","init":"sfwd-lms\/sfwd_lms.php","name":"LearnDash LMS"},{"slug":"learndash-course-grid","init":"learndash-course-grid\/learndash_course_grid.php","name":"LearnDash LMS - Course Grid"},{"slug":"wpforms-lite","init":"wpforms-lite\/wpforms.php","name":"WPForms Lite"},{"slug":"presto-player","init":"presto-player\/presto-player.php","name":"Presto Player"},{"slug":"ultimate-addons-for-gutenberg","init":"ultimate-addons-for-gutenberg\/ultimate-addons-for-gutenberg.php","name":"Spectra"}],"post-status":"publish","post-content":"<!-- wp:paragraph -->\n<p>Want to build a platform and offer courses online? Our Learn Digital Marketing template is an elegant and minimalistic design that\u2019ll help showcase your courses on digital marketing. The template promotes you, the expert, within a significant hero section.&nbsp;<\/p>\n<!-- \/wp:paragraph -->\n\n<!-- wp:paragraph -->\n<p>An \u2018enroll today\u2019 CTA button integrated into the menu allows potential students to immediately sign up for your courses. The well-integrated newsletter subscription form lets you build a list and send tips and tricks to your students.<\/p>\n<!-- \/wp:paragraph -->\n\n<!-- wp:heading -->\n<h2>Key features of the Learn Digital Marketing template<\/h2>\n<!-- \/wp:heading -->\n\n<!-- wp:list -->\n<ul><li>Build an online platform to offer courses in digital marketing, using our engaging and minimalistic website template<\/li><li>Well integrated with popular LMS plugins, such as LearnDash, to create, manage, and offer courses online<\/li><li>Offer additional resources, such as ebooks, and case studies on a specifically designed page<\/li><li>Fully functional contact form that allows prospective students to get in touch with you<\/li><li>A customizable and flexible template that can be tweaked to suit your needs<\/li><\/ul>\n<!-- \/wp:list -->","post-excerpt":"An ideal website template to offer courses and resources on digital marketing","pages":{"id-49814":{"title":"Home","featured-image-url":"https:\/\/websitedemos.net\/wp-content\/uploads\/2021\/02\/learn-digital-marketing-02-homepage.jpg","thumbnail-image-url":"https:\/\/websitedemos.net\/wp-content\/uploads\/2021\/02\/learn-digital-marketing-02-homepage.jpg","astra-page-api-url":"https:\/\/websitedemos.net\/learn-digital-marketing-02\/wp-json\/wp\/v2\/pages\/4","dynamic-page":"yes","astra-page-url":"\/\/websitedemos.net\/learn-digital-marketing-02\/","astra-sites-tag":{"814":"homepage"},"site-pages-type":"free","site-pages-page-builder":"elementor","site-pages-category":[],"site-pages-parent-category":{"60":"business","61":"free"},"required-plugins":[{"slug":"elementor","init":"elementor\/elementor.php","name":"Elementor"},{"slug":"sfwd-lms","init":"sfwd-lms\/sfwd_lms.php","name":"LearnDash LMS"},{"slug":"learndash-course-grid","init":"learndash-course-grid\/learndash_course_grid.php","name":"LearnDash LMS - Course Grid"}]},"id-49810":{"title":"About","featured-image-url":"https:\/\/websitedemos.net\/wp-content\/uploads\/2021\/02\/learn-digital-marketing-02-about.jpg","thumbnail-image-url":"https:\/\/websitedemos.net\/wp-content\/uploads\/2021\/02\/learn-digital-marketing-02-about.jpg","astra-page-api-url":"https:\/\/websitedemos.net\/learn-digital-marketing-02\/wp-json\/wp\/v2\/pages\/561","dynamic-page":"no","astra-page-url":"\/\/websitedemos.net\/learn-digital-marketing-02\/about\/","astra-sites-tag":{"352":"about"},"site-pages-type":"free","site-pages-page-builder":"elementor","site-pages-category":[],"site-pages-parent-category":{"60":"business","61":"free"},"required-plugins":[{"slug":"elementor","init":"elementor\/elementor.php","name":"Elementor"}]},"id-49813":{"title":"Courses","featured-image-url":"https:\/\/websitedemos.net\/wp-content\/uploads\/2021\/02\/digital-marketing-02-all-courses.jpg","thumbnail-image-url":"https:\/\/websitedemos.net\/wp-content\/uploads\/2021\/02\/digital-marketing-02-all-courses.jpg","astra-page-api-url":"https:\/\/websitedemos.net\/learn-digital-marketing-02\/wp-json\/wp\/v2\/pages\/908","dynamic-page":"yes","astra-page-url":"\/\/websitedemos.net\/learn-digital-marketing-02\/all-courses\/","astra-sites-tag":{"462":"courses"},"site-pages-type":"free","site-pages-page-builder":"elementor","site-pages-category":[],"site-pages-parent-category":{"60":"business","61":"free"},"required-plugins":[{"slug":"elementor","init":"elementor\/elementor.php","name":"Elementor"}]},"id-49815":{"title":"Resource","featured-image-url":"https:\/\/websitedemos.net\/wp-content\/uploads\/2021\/02\/digital-marketing-02-resource.jpg","thumbnail-image-url":"https:\/\/websitedemos.net\/wp-content\/uploads\/2021\/02\/digital-marketing-02-resource.jpg","astra-page-api-url":"https:\/\/websitedemos.net\/learn-digital-marketing-02\/wp-json\/wp\/v2\/pages\/688","dynamic-page":"no","astra-page-url":"\/\/websitedemos.net\/learn-digital-marketing-02\/resource\/","astra-sites-tag":{"1854":"resource"},"site-pages-type":"free","site-pages-page-builder":"elementor","site-pages-category":[],"site-pages-parent-category":{"60":"business","61":"free"},"required-plugins":[{"slug":"elementor","init":"elementor\/elementor.php","name":"Elementor"}]},"id-49811":{"title":"Blog","featured-image-url":"https:\/\/websitedemos.net\/wp-content\/uploads\/2021\/02\/learn-digital-marketing-02-blog.jpg","thumbnail-image-url":"https:\/\/websitedemos.net\/wp-content\/uploads\/2021\/02\/learn-digital-marketing-02-blog.jpg","astra-page-api-url":"https:\/\/websitedemos.net\/learn-digital-marketing-02\/wp-json\/wp\/v2\/pages\/890","dynamic-page":"no","astra-page-url":"\/\/websitedemos.net\/learn-digital-marketing-02\/blog\/","astra-sites-tag":{"480":"blog"},"site-pages-type":"free","site-pages-page-builder":"gutenberg","site-pages-category":[],"site-pages-parent-category":{"60":"business","61":"free"},"required-plugins":[{"slug":"ultimate-addons-for-gutenberg","init":"ultimate-addons-for-gutenberg\/ultimate-addons-for-gutenberg.php","name":"Spectra"}]},"id-49812":{"title":"Contact","featured-image-url":"https:\/\/websitedemos.net\/wp-content\/uploads\/2021\/02\/digital-marketing-02-contact.jpg","thumbnail-image-url":"https:\/\/websitedemos.net\/wp-content\/uploads\/2021\/02\/digital-marketing-02-contact.jpg","astra-page-api-url":"https:\/\/websitedemos.net\/learn-digital-marketing-02\/wp-json\/wp\/v2\/pages\/812","dynamic-page":"no","astra-page-url":"\/\/websitedemos.net\/learn-digital-marketing-02\/contact\/","astra-sites-tag":{"415":"contact"},"site-pages-type":"free","site-pages-page-builder":"elementor","site-pages-category":[],"site-pages-parent-category":{"60":"business","61":"free"},"required-plugins":[{"slug":"elementor","init":"elementor\/elementor.php","name":"Elementor"},{"slug":"wpforms-lite","init":"wpforms-lite\/wpforms.php","name":"WPForms Lite"}]}},"related-bb-template":"","related-elementor-template":49809,"related-gutenberg-template":56525,"related_ecommerce_template":"","ecommerce_parent_template":""},"id-49241":{"title":"Catering &amp; Events","id":49241,"publish-date":1607708411,"featured-image-url":"https:\/\/websitedemos.net\/wp-content\/uploads\/2020\/12\/catering-services-04-home.jpg","thumbnail-image-url":"https:\/\/websitedemos.net\/wp-content\/uploads\/2020\/12\/catering-services-04-home.jpg","fullpage-thumbnail-image-url":"https:\/\/websitedemos.net\/wp-content\/uploads\/2020\/12\/catering-services-04-home.jpg","astra-site-url":"\/\/websitedemos.net\/catering-services-04","astra-site-parent-id":1788,"astra-sites-tag":{"693":"cafe","1791":"catering-services","1792":"caters","792":"cooking","1798":"dining","3416":"elementor","1569":"events","1789":"feeding","336":"food","1799":"food-festival","1793":"meal-serve","1844":"premium","1790":"serving"},"astra-sites-type":"agency-mini","astra-site-category":{"27":"business"},"astra-sites-template-category":{"2855":"catering","2784":"event","2785":"food","2831":"service"},"astra-site-page-builder":"elementor","categories":{"3427":"default","2489":"event-invitation","3429":"premium"},"required-plugins":[{"slug":"elementor","init":"elementor\/elementor.php","name":"Elementor"},{"slug":"wpforms-lite","init":"wpforms-lite\/wpforms.php","name":"WPForms Lite"}],"post-status":"publish","post-content":"<!-- wp:paragraph -->\n<p>Have you been looking for a website template that is both easy to use and provides an organized, professional image? Our Catering &amp; Events template is the answer! It comes in various colors to help you stand out from competitors.<\/p>\n<!-- \/wp:paragraph -->\n\n<!-- wp:paragraph -->\n<p>Whether corporate events or birthday parties, go ahead and promote your various services and menus on your website. Additionally, include testimonials from your clients to show how happy they are with your services.<\/p>\n<!-- \/wp:paragraph -->\n\n<!-- wp:heading -->\n<h2>Key features of the Catering &amp; Events template<\/h2>\n<!-- \/wp:heading -->\n\n<!-- wp:list -->\n<ul><li>A creatively designed template that uses vibrant colors<\/li><li>All templates are well planned out and easy to use<\/li><li>Showcase the catering services for various events and menus as well<\/li><li>Include client testimonials on the homepage<\/li><li>Fully responsive and customizable design<\/li><\/ul>\n<!-- \/wp:list -->","post-excerpt":"A perfectly designed template for building a catering and events-related business website","pages":{"id-49244":{"title":"Home","featured-image-url":"https:\/\/websitedemos.net\/wp-content\/uploads\/2020\/12\/catering-services-04-home.jpg","thumbnail-image-url":"https:\/\/websitedemos.net\/wp-content\/uploads\/2020\/12\/catering-services-04-home.jpg","astra-page-api-url":"https:\/\/websitedemos.net\/catering-services-04\/wp-json\/wp\/v2\/pages\/5","dynamic-page":"no","astra-page-url":"\/\/websitedemos.net\/catering-services-04\/","astra-sites-tag":{"423":"home"},"site-pages-type":"agency-mini","site-pages-page-builder":"elementor","site-pages-category":[],"site-pages-parent-category":{"60":"business"},"required-plugins":[{"slug":"elementor","init":"elementor\/elementor.php","name":"Elementor"}]},"id-49242":{"title":"About Us","featured-image-url":"https:\/\/websitedemos.net\/wp-content\/uploads\/2020\/12\/catering-services-04-about.jpg","thumbnail-image-url":"https:\/\/websitedemos.net\/wp-content\/uploads\/2020\/12\/catering-services-04-about.jpg","astra-page-api-url":"https:\/\/websitedemos.net\/catering-services-04\/wp-json\/wp\/v2\/pages\/229","dynamic-page":"no","astra-page-url":"\/\/websitedemos.net\/catering-services-04\/about-us\/","astra-sites-tag":{"352":"about"},"site-pages-type":"agency-mini","site-pages-page-builder":"elementor","site-pages-category":[],"site-pages-parent-category":{"60":"business"},"required-plugins":[{"slug":"elementor","init":"elementor\/elementor.php","name":"Elementor"}]},"id-49245":{"title":"Services","featured-image-url":"https:\/\/websitedemos.net\/wp-content\/uploads\/2020\/12\/catering-services-04-services.jpg","thumbnail-image-url":"https:\/\/websitedemos.net\/wp-content\/uploads\/2020\/12\/catering-services-04-services.jpg","astra-page-api-url":"https:\/\/websitedemos.net\/catering-services-04\/wp-json\/wp\/v2\/pages\/275","dynamic-page":"no","astra-page-url":"\/\/websitedemos.net\/catering-services-04\/services\/","astra-sites-tag":{"425":"services"},"site-pages-type":"agency-mini","site-pages-page-builder":"elementor","site-pages-category":[],"site-pages-parent-category":{"60":"business"},"required-plugins":[{"slug":"elementor","init":"elementor\/elementor.php","name":"Elementor"}]},"id-49246":{"title":"Testimonials","featured-image-url":"https:\/\/websitedemos.net\/wp-content\/uploads\/2020\/12\/catering-services-04-testimonials.jpg","thumbnail-image-url":"https:\/\/websitedemos.net\/wp-content\/uploads\/2020\/12\/catering-services-04-testimonials.jpg","astra-page-api-url":"https:\/\/websitedemos.net\/catering-services-04\/wp-json\/wp\/v2\/pages\/315","dynamic-page":"no","astra-page-url":"\/\/websitedemos.net\/catering-services-04\/testimonials\/","astra-sites-tag":{"432":"review","433":"testimonials"},"site-pages-type":"agency-mini","site-pages-page-builder":"elementor","site-pages-category":[],"site-pages-parent-category":{"60":"business"},"required-plugins":[{"slug":"elementor","init":"elementor\/elementor.php","name":"Elementor"}]},"id-49243":{"title":"Contact Us","featured-image-url":"https:\/\/websitedemos.net\/wp-content\/uploads\/2020\/12\/catering-services-04-contact.jpg","thumbnail-image-url":"https:\/\/websitedemos.net\/wp-content\/uploads\/2020\/12\/catering-services-04-contact.jpg","astra-page-api-url":"https:\/\/websitedemos.net\/catering-services-04\/wp-json\/wp\/v2\/pages\/343","dynamic-page":"no","astra-page-url":"\/\/websitedemos.net\/catering-services-04\/contact-us\/","astra-sites-tag":{"415":"contact"},"site-pages-type":"agency-mini","site-pages-page-builder":"elementor","site-pages-category":[],"site-pages-parent-category":{"60":"business"},"required-plugins":[{"slug":"elementor","init":"elementor\/elementor.php","name":"Elementor"},{"slug":"wpforms-lite","init":"wpforms-lite\/wpforms.php","name":"WPForms Lite"}]}},"related-bb-template":"","related-elementor-template":49241,"related-gutenberg-template":"","related_ecommerce_template":"","ecommerce_parent_template":""},"id-49260":{"title":"Music School","id":49260,"publish-date":1607708423,"featured-image-url":"https:\/\/websitedemos.net\/wp-content\/uploads\/2020\/12\/music-school-04-home-1.jpg","thumbnail-image-url":"https:\/\/websitedemos.net\/wp-content\/uploads\/2020\/12\/music-school-04-home-1.jpg","fullpage-thumbnail-image-url":"https:\/\/websitedemos.net\/wp-content\/uploads\/2020\/12\/music-school-04-home-1.jpg","astra-site-url":"\/\/websitedemos.net\/music-school-04","astra-site-parent-id":1794,"astra-sites-tag":{"339":"artist","1797":"drama-school","3416":"elementor","1795":"music-academy","1796":"musical-school","969":"musician","1572":"performer","1844":"premium","1571":"singer","1573":"vocalist"},"astra-sites-type":"agency-mini","astra-site-category":{"27":"business"},"astra-sites-template-category":{"2802":"artist","2772":"education","2781":"music","2771":"one-page","2782":"school","2873":"tutor"},"astra-site-page-builder":"elementor","categories":{"2486":"art-music","3427":"default","2491":"educational-institutes","2927":"one-page","3429":"premium"},"required-plugins":[{"slug":"elementor","init":"elementor\/elementor.php","name":"Elementor"},{"slug":"wpforms-lite","init":"wpforms-lite\/wpforms.php","name":"WPForms Lite"}],"post-status":"publish","post-content":"<!-- wp:paragraph -->\n<p>The Music School Template is an easy-to-use website template that can be customized to sell musical instruments, offer music lessons, and showcase your school's campus. Use it as a starting point for your website by adding your content and photos of the music teachers.<\/p>\n<!-- \/wp:paragraph -->\n\n<!-- wp:paragraph -->\n<p>The template is not only designed for musicians but also offers a great option for people who want to learn how to play an instrument.<\/p>\n<!-- \/wp:paragraph -->\n\n<!-- wp:heading -->\n<h2>Key features of the Music School template<\/h2>\n<!-- \/wp:heading -->\n\n<!-- wp:list -->\n<ul><!-- wp:list-item -->\n<li>Build a music school website using our inspiring Music School template<\/li>\n<!-- \/wp:list-item -->\n\n<!-- wp:list-item -->\n<li>Accept online applications of prospective students<\/li>\n<!-- \/wp:list-item -->\n\n<!-- wp:list-item -->\n<li>A fully compatible template that allows you to offer and manage online courses<\/li>\n<!-- \/wp:list-item -->\n\n<!-- wp:list-item -->\n<li>Sell musical instruments online using a WooCommerce-ready template<\/li>\n<!-- \/wp:list-item -->\n\n<!-- wp:list-item -->\n<li>Customizable and page-ready template<\/li>\n<!-- \/wp:list-item --><\/ul>\n<!-- \/wp:list -->","post-excerpt":"Perfect template for any aspiring musician to offer courses and sell musical instruments","pages":{"id-49261":{"title":"Home","featured-image-url":"https:\/\/websitedemos.net\/wp-content\/uploads\/2020\/12\/music-school-04-home-1.jpg","thumbnail-image-url":"https:\/\/websitedemos.net\/wp-content\/uploads\/2020\/12\/music-school-04-home-1.jpg","astra-page-api-url":"https:\/\/websitedemos.net\/music-school-04\/wp-json\/wp\/v2\/pages\/9","dynamic-page":"no","astra-page-url":"\/\/websitedemos.net\/music-school-04\/","astra-sites-tag":{"423":"home","399":"one-page"},"site-pages-type":"agency-mini","site-pages-page-builder":"elementor","site-pages-category":[],"site-pages-parent-category":{"60":"business"},"required-plugins":[{"slug":"elementor","init":"elementor\/elementor.php","name":"Elementor"},{"slug":"wpforms-lite","init":"wpforms-lite\/wpforms.php","name":"WPForms Lite"}]}},"related-bb-template":"","related-elementor-template":49260,"related-gutenberg-template":86734,"related_ecommerce_template":"","ecommerce_parent_template":""},"id-87505":{"title":"Sports Equipment Store","id":87505,"publish-date":1712779792,"featured-image-url":"https:\/\/websitedemos.net\/wp-content\/uploads\/2024\/04\/sports-store-04.jpg","thumbnail-image-url":"https:\/\/websitedemos.net\/wp-content\/uploads\/2024\/04\/sports-store-04-600x3510.jpg","fullpage-thumbnail-image-url":"https:\/\/websitedemos.net\/wp-content\/uploads\/2024\/04\/sports-store-04-400x2340.jpg","astra-site-url":"\/\/websitedemos.net\/sports-store-04","astra-site-parent-id":3541,"astra-sites-tag":{"1017":"e-commerce","496":"ecommerce","2419":"eshopping","2422":"online-market","732":"online-shop","2420":"online-shopping","383":"online-store","2421":"purchases","2417":"reseller","733":"shop","2416":"shopping","2344":"sports-gear","2339":"sports-wear","2345":"sports-wear-and-gear","749":"store","1024":"woocommerce"},"astra-sites-type":"agency-mini","astra-site-category":{"38":"ecommerce"},"astra-sites-template-category":{"2777":"business","2769":"ecommerce","2857":"online-shopping","2826":"sports"},"astra-site-page-builder":"elementor","categories":{"2495":"ecommerce","3432":"game"},"required-plugins":[{"slug":"elementor","init":"elementor\/elementor.php","name":"Elementor"},{"slug":"ultimate-elementor","init":"ultimate-elementor\/ultimate-elementor.php","name":"Ultimate Addons for Elementor"},{"slug":"woocommerce","init":"woocommerce\/woocommerce.php","name":"WooCommerce"},{"slug":"wpforms-lite","init":"wpforms-lite\/wpforms.php","name":"WPForms Lite"},{"slug":"checkout-plugins-stripe-woo","init":"checkout-plugins-stripe-woo\/checkout-plugins-stripe-woo.php","name":"Checkout Plugins - Stripe for WooCommerce"}],"post-status":"publish","post-content":"<!-- wp:paragraph -->\n<p>The Sports Equipment Store template is an energetic design that engages right away. It uses contrasting colors, lots of whitespace and strong images to create an amazing first impression. It\u2019s everything you need to build an online store.<\/p>\n<!-- \/wp:paragraph -->\n\n<!-- wp:paragraph -->\n<p>This fully responsive eCommerce template can promote a brick and mortar store, sell online or both. Compatible with drag and drop page builders and the WordPress editor, you can change everything you see on the page. It\u2019s so easy to do!<\/p>\n<!-- \/wp:paragraph -->\n\n<!-- wp:heading -->\n<h2 class=\"wp-block-heading\">Key features of the Sports Equipment Store template<\/h2>\n<!-- \/wp:heading -->\n\n<!-- wp:list -->\n<ul><!-- wp:list-item -->\n<li>Energetic eCommerce theme for sports stores<\/li>\n<!-- \/wp:list-item -->\n\n<!-- wp:list-item -->\n<li>Well-balanced with lots of whitespace<\/li>\n<!-- \/wp:list-item -->\n\n<!-- wp:list-item -->\n<li>Creates an amazing first impression<\/li>\n<!-- \/wp:list-item -->\n\n<!-- wp:list-item -->\n<li>Fully customizable to fit your brand<\/li>\n<!-- \/wp:list-item -->\n\n<!-- wp:list-item -->\n<li>Full compatibility with leading page builders<\/li>\n<!-- \/wp:list-item --><\/ul>\n<!-- \/wp:list -->","post-excerpt":"Sports Equipment Store template that engages immediately ready to sell","pages":{"id-87510":{"title":"Home","featured-image-url":"https:\/\/websitedemos.net\/wp-content\/uploads\/2024\/04\/sports-store-04.jpg","thumbnail-image-url":"https:\/\/websitedemos.net\/wp-content\/uploads\/2024\/04\/sports-store-04-600x3510.jpg","astra-page-api-url":"https:\/\/websitedemos.net\/sports-store-04\/wp-json\/wp\/v2\/pages\/283","dynamic-page":"yes","astra-page-url":"\/\/websitedemos.net\/sports-store-04\/","astra-sites-tag":{"423":"home"},"site-pages-type":"agency-mini","site-pages-page-builder":"elementor","site-pages-category":[],"site-pages-parent-category":{"64":"ecommerce"},"required-plugins":[{"slug":"elementor","init":"elementor\/elementor.php","name":"Elementor"},{"slug":"ultimate-elementor","init":"ultimate-elementor\/ultimate-elementor.php","name":"Ultimate Addons for Elementor"},{"slug":"woocommerce","init":"woocommerce\/woocommerce.php","name":"WooCommerce"}]},"id-87506":{"title":"About","featured-image-url":"https:\/\/websitedemos.net\/wp-content\/uploads\/2024\/04\/sports-store-04-about.jpg","thumbnail-image-url":"https:\/\/websitedemos.net\/wp-content\/uploads\/2024\/04\/sports-store-04-about-600x1345.jpg","astra-page-api-url":"https:\/\/websitedemos.net\/sports-store-04\/wp-json\/wp\/v2\/pages\/286","dynamic-page":"no","astra-page-url":"\/\/websitedemos.net\/sports-store-04\/about\/","astra-sites-tag":{"352":"about"},"site-pages-type":"agency-mini","site-pages-page-builder":"elementor","site-pages-category":[],"site-pages-parent-category":{"64":"ecommerce"},"required-plugins":[{"slug":"elementor","init":"elementor\/elementor.php","name":"Elementor"},{"slug":"ultimate-elementor","init":"ultimate-elementor\/ultimate-elementor.php","name":"Ultimate Addons for Elementor"}]},"id-87509":{"title":"Contact","featured-image-url":"https:\/\/websitedemos.net\/wp-content\/uploads\/2024\/04\/sports-store-04-contact.jpg","thumbnail-image-url":"https:\/\/websitedemos.net\/wp-content\/uploads\/2024\/04\/sports-store-04-contact-600x1107.jpg","astra-page-api-url":"https:\/\/websitedemos.net\/sports-store-04\/wp-json\/wp\/v2\/pages\/290","dynamic-page":"no","astra-page-url":"\/\/websitedemos.net\/sports-store-04\/contact\/","astra-sites-tag":{"415":"contact"},"site-pages-type":"agency-mini","site-pages-page-builder":"elementor","site-pages-category":[],"site-pages-parent-category":{"64":"ecommerce"},"required-plugins":[{"slug":"elementor","init":"elementor\/elementor.php","name":"Elementor"},{"slug":"ultimate-elementor","init":"ultimate-elementor\/ultimate-elementor.php","name":"Ultimate Addons for Elementor"},{"slug":"wpforms-lite","init":"wpforms-lite\/wpforms.php","name":"WPForms Lite"}]}},"related-bb-template":"","related-elementor-template":"","related-gutenberg-template":"","related_ecommerce_template":"","ecommerce_parent_template":""},"id-51520":{"title":"Aquarium","id":51520,"publish-date":1617304809,"featured-image-url":"https:\/\/websitedemos.net\/wp-content\/uploads\/2021\/04\/aquarium-04-home.jpg","thumbnail-image-url":"https:\/\/websitedemos.net\/wp-content\/uploads\/2021\/04\/aquarium-04-home.jpg","fullpage-thumbnail-image-url":"https:\/\/websitedemos.net\/wp-content\/uploads\/2021\/04\/aquarium-04-home.jpg","astra-site-url":"\/\/websitedemos.net\/aquarium-04","astra-site-parent-id":1930,"astra-sites-tag":{"1932":"aquarium","3416":"elementor","1935":"fish","1933":"marine-museum","1844":"premium","1934":"tank","1936":"water-species"},"astra-sites-type":"agency-mini","astra-site-category":{"27":"business"},"astra-sites-template-category":{"2777":"business","2784":"event"},"astra-site-page-builder":"elementor","categories":{"3427":"default","2498":"hotel-travel","3429":"premium"},"required-plugins":[{"slug":"elementor","init":"elementor\/elementor.php","name":"Elementor"},{"slug":"wpforms-lite","init":"wpforms-lite\/wpforms.php","name":"WPForms Lite"}],"post-status":"publish","post-content":"<!-- wp:paragraph -->\n<p>The Aquarium is an awe-inspiring, beautifully crafted website template perfect for promoting an aquarium. The sea blue color template instantaneously sets the tone of a deep sea diving experience.<\/p>\n<!-- \/wp:paragraph -->\n\n<!-- wp:paragraph -->\n<p>The template is perfect for showcasing your aquarium's daily schedule, booking a virtual guided tour, and showcasing all the sea animals on your website. Additionally, an impressive gallery page helps visitors understand the species on display at the aquarium.<\/p>\n<!-- \/wp:paragraph -->\n\n<!-- wp:heading -->\n<h2>Key features of the Aquarium template<\/h2>\n<!-- \/wp:heading -->\n\n<!-- wp:list -->\n<ul><li>Awe-inspiring design tailor-made for an aquarium<\/li><li>The package includes templates for highlighting the animal species, among other things<\/li><li>Include a virtual guided tour helping visitors visualize the aquarium from the comfort of their doorstep<\/li><li>Allow visitors to book tickets online through your website<\/li><li>The template looks great on all mobile devices as well<\/li><\/ul>\n<!-- \/wp:list -->","post-excerpt":"Perfect template for showcasing aquatic plants and animals on an aquarium-based website","pages":{"id-51525":{"title":"Home","featured-image-url":"https:\/\/websitedemos.net\/wp-content\/uploads\/2021\/04\/aquarium-04-home.jpg","thumbnail-image-url":"https:\/\/websitedemos.net\/wp-content\/uploads\/2021\/04\/aquarium-04-home.jpg","astra-page-api-url":"https:\/\/websitedemos.net\/aquarium-04\/wp-json\/wp\/v2\/pages\/7","dynamic-page":"no","astra-page-url":"\/\/websitedemos.net\/aquarium-04\/","astra-sites-tag":{"423":"home"},"site-pages-type":"agency-mini","site-pages-page-builder":"elementor","site-pages-category":[],"site-pages-parent-category":{"60":"business"},"required-plugins":[{"slug":"elementor","init":"elementor\/elementor.php","name":"Elementor"}]},"id-51521":{"title":"About","featured-image-url":"https:\/\/websitedemos.net\/wp-content\/uploads\/2021\/04\/aquarium-04-about.jpg","thumbnail-image-url":"https:\/\/websitedemos.net\/wp-content\/uploads\/2021\/04\/aquarium-04-about.jpg","astra-page-api-url":"https:\/\/websitedemos.net\/aquarium-04\/wp-json\/wp\/v2\/pages\/564","dynamic-page":"no","astra-page-url":"\/\/websitedemos.net\/aquarium-04\/about\/","astra-sites-tag":{"352":"about"},"site-pages-type":"agency-mini","site-pages-page-builder":"elementor","site-pages-category":[],"site-pages-parent-category":{"60":"business"},"required-plugins":[{"slug":"elementor","init":"elementor\/elementor.php","name":"Elementor"}]},"id-51522":{"title":"Animals","featured-image-url":"https:\/\/websitedemos.net\/wp-content\/uploads\/2021\/04\/aquarium-04-animals.jpg","thumbnail-image-url":"https:\/\/websitedemos.net\/wp-content\/uploads\/2021\/04\/aquarium-04-animals.jpg","astra-page-api-url":"https:\/\/websitedemos.net\/aquarium-04\/wp-json\/wp\/v2\/pages\/14","dynamic-page":"no","astra-page-url":"\/\/websitedemos.net\/aquarium-04\/animals\/","astra-sites-tag":{"1931":"animals"},"site-pages-type":"agency-mini","site-pages-page-builder":"elementor","site-pages-category":[],"site-pages-parent-category":{"60":"business"},"required-plugins":[{"slug":"elementor","init":"elementor\/elementor.php","name":"Elementor"}]},"id-51524":{"title":"Gallery","featured-image-url":"https:\/\/websitedemos.net\/wp-content\/uploads\/2021\/04\/aquarium-04-gallery.jpg","thumbnail-image-url":"https:\/\/websitedemos.net\/wp-content\/uploads\/2021\/04\/aquarium-04-gallery.jpg","astra-page-api-url":"https:\/\/websitedemos.net\/aquarium-04\/wp-json\/wp\/v2\/pages\/12","dynamic-page":"no","astra-page-url":"\/\/websitedemos.net\/aquarium-04\/gallery\/","astra-sites-tag":{"461":"gallery"},"site-pages-type":"agency-mini","site-pages-page-builder":"elementor","site-pages-category":[],"site-pages-parent-category":{"60":"business"},"required-plugins":[{"slug":"elementor","init":"elementor\/elementor.php","name":"Elementor"}]},"id-51523":{"title":"Contact","featured-image-url":"https:\/\/websitedemos.net\/wp-content\/uploads\/2021\/04\/aquarium-04-contact.jpg","thumbnail-image-url":"https:\/\/websitedemos.net\/wp-content\/uploads\/2021\/04\/aquarium-04-contact.jpg","astra-page-api-url":"https:\/\/websitedemos.net\/aquarium-04\/wp-json\/wp\/v2\/pages\/9","dynamic-page":"no","astra-page-url":"\/\/websitedemos.net\/aquarium-04\/contact\/","astra-sites-tag":{"415":"contact"},"site-pages-type":"agency-mini","site-pages-page-builder":"elementor","site-pages-category":[],"site-pages-parent-category":{"60":"business"},"required-plugins":[{"slug":"elementor","init":"elementor\/elementor.php","name":"Elementor"},{"slug":"wpforms-lite","init":"wpforms-lite\/wpforms.php","name":"WPForms Lite"}]}},"related-bb-template":"","related-elementor-template":51520,"related-gutenberg-template":87646,"related_ecommerce_template":"","ecommerce_parent_template":""},"id-57346":{"title":"Fashion Designer","id":57346,"publish-date":1630000976,"featured-image-url":"https:\/\/websitedemos.net\/wp-content\/uploads\/2021\/08\/fashion-designer-boutique-02-home-1.jpg","thumbnail-image-url":"https:\/\/websitedemos.net\/wp-content\/uploads\/2021\/08\/fashion-designer-boutique-02-home-1.jpg","fullpage-thumbnail-image-url":"https:\/\/websitedemos.net\/wp-content\/uploads\/2021\/08\/fashion-designer-boutique-02-home-1.jpg","astra-site-url":"\/\/websitedemos.net\/fashion-designer-boutique-02","astra-site-parent-id":2325,"astra-sites-tag":{"2105":"boutique","2418":"commerce","2350":"designer-cloths-store","496":"ecommerce","3416":"elementor","2419":"eshopping","2327":"fashion-designer","2349":"fashion-designer-boutique","2351":"fashion-designer-portfolio","2422":"online-market","732":"online-shop","2420":"online-shopping","383":"online-store","444":"portfolio","2421":"purchases","2417":"reseller","733":"shop","2416":"shopping","749":"store","966":"woo-commerce","1024":"woocommerce"},"astra-sites-type":"free","astra-site-category":{"38":"ecommerce","39":"free"},"astra-sites-template-category":{"2790":"beauty-fashion","2777":"business","2769":"ecommerce","2858":"fashion-clothing","2857":"online-shopping"},"astra-site-page-builder":"elementor","categories":{"2479":"beauty","3427":"default","2495":"ecommerce","3434":"feminine","3428":"free","2488":"portfolio"},"required-plugins":[{"slug":"elementor","init":"elementor\/elementor.php","name":"Elementor"},{"slug":"header-footer-elementor","init":"header-footer-elementor\/header-footer-elementor.php","name":"Elementor Header & Footer Builder"},{"slug":"checkout-plugins-stripe-woo","init":"checkout-plugins-stripe-woo\/checkout-plugins-stripe-woo.php","name":"Checkout Plugins - Stripe for WooCommerce"},{"slug":"woocommerce","init":"woocommerce\/woocommerce.php","name":"WooCommerce"},{"slug":"wpforms-lite","init":"wpforms-lite\/wpforms.php","name":"WPForms Lite"},{"slug":"variation-swatches-woo","init":"variation-swatches-woo\/variation-swatches-woo.php","name":"Variation Swatches for WooCommerce"}],"post-status":"publish","post-content":"<!-- wp:paragraph -->\n<p>Want to make a fashion website but don't know where to start? Our Fashion Designer template is the perfect place for you. Our template is the ideal home for your fashion designer business with a sleek and sophisticated design.&nbsp;<\/p>\n<!-- \/wp:paragraph -->\n\n<!-- wp:paragraph -->\n<p>Promote your clothing or accessories with our modern web design that includes client testimonials and photos from happy customers. Plus, we've included deals and offers to help you get your product noticed by potential customers.<\/p>\n<!-- \/wp:paragraph -->\n\n<!-- wp:heading -->\n<h2>Key features of the Fashion Designer template<\/h2>\n<!-- \/wp:heading -->\n\n<!-- wp:list -->\n<ul><!-- wp:list-item -->\n<li>Launch your fashion designer store using our classy website template<\/li>\n<!-- \/wp:list-item -->\n\n<!-- wp:list-item -->\n<li>Sell accessories, tops, bottoms, dresses, and more on your online store<\/li>\n<!-- \/wp:list-item -->\n\n<!-- wp:list-item -->\n<li>Showcase products based on the latest collections, new arrivals, best sellers, and more<\/li>\n<!-- \/wp:list-item -->\n\n<!-- wp:list-item -->\n<li>Well integrated with WooCommerce allowing you to set up and sell immediately&nbsp;<\/li>\n<!-- \/wp:list-item -->\n\n<!-- wp:list-item -->\n<li>Customize and tweak every element of your store to suit your website needs<\/li>\n<!-- \/wp:list-item --><\/ul>\n<!-- \/wp:list -->","post-excerpt":"Classy and sophisticated design that\u2019s perfect for anyone in the fashion industry","pages":{"id-57350":{"title":"Home","featured-image-url":"https:\/\/websitedemos.net\/wp-content\/uploads\/2021\/08\/fashion-designer-boutique-02-home-1.jpg","thumbnail-image-url":"https:\/\/websitedemos.net\/wp-content\/uploads\/2021\/08\/fashion-designer-boutique-02-home-1.jpg","astra-page-api-url":"https:\/\/websitedemos.net\/fashion-designer-boutique-02\/wp-json\/wp\/v2\/pages\/15","dynamic-page":"no","astra-page-url":"\/\/websitedemos.net\/fashion-designer-boutique-02\/","astra-sites-tag":{"423":"home"},"site-pages-type":"free","site-pages-page-builder":"elementor","site-pages-category":[],"site-pages-parent-category":{"64":"ecommerce","61":"free"},"required-plugins":[{"slug":"checkout-plugins-stripe-woo","init":"checkout-plugins-stripe-woo\/checkout-plugins-stripe-woo.php","name":"Checkout Plugins - Stripe for WooCommerce"},{"slug":"elementor","init":"elementor\/elementor.php","name":"Elementor"},{"slug":"header-footer-elementor","init":"header-footer-elementor\/header-footer-elementor.php","name":"Elementor Header & Footer Builder"},{"slug":"variation-swatches-woo","init":"variation-swatches-woo\/variation-swatches-woo.php","name":"Variation Swatches for WooCommerce"},{"slug":"woocommerce","init":"woocommerce\/woocommerce.php","name":"WooCommerce"}]},"id-57347":{"title":"About","featured-image-url":"https:\/\/websitedemos.net\/wp-content\/uploads\/2021\/08\/fashion-designer-boutique-02-about-1.jpg","thumbnail-image-url":"https:\/\/websitedemos.net\/wp-content\/uploads\/2021\/08\/fashion-designer-boutique-02-about-1.jpg","astra-page-api-url":"https:\/\/websitedemos.net\/fashion-designer-boutique-02\/wp-json\/wp\/v2\/pages\/397","dynamic-page":"no","astra-page-url":"\/\/websitedemos.net\/fashion-designer-boutique-02\/about\/","astra-sites-tag":{"352":"about"},"site-pages-type":"free","site-pages-page-builder":"elementor","site-pages-category":[],"site-pages-parent-category":{"64":"ecommerce","61":"free"},"required-plugins":[{"slug":"elementor","init":"elementor\/elementor.php","name":"Elementor"},{"slug":"header-footer-elementor","init":"header-footer-elementor\/header-footer-elementor.php","name":"Elementor Header & Footer Builder"}]},"id-57348":{"title":"Collections","featured-image-url":"https:\/\/websitedemos.net\/wp-content\/uploads\/2021\/08\/fashion-designer-boutique-02-collections-1.jpg","thumbnail-image-url":"https:\/\/websitedemos.net\/wp-content\/uploads\/2021\/08\/fashion-designer-boutique-02-collections-1.jpg","astra-page-api-url":"https:\/\/websitedemos.net\/fashion-designer-boutique-02\/wp-json\/wp\/v2\/pages\/541","dynamic-page":"no","astra-page-url":"\/\/websitedemos.net\/fashion-designer-boutique-02\/collections\/","astra-sites-tag":{"596":"collection"},"site-pages-type":"free","site-pages-page-builder":"elementor","site-pages-category":[],"site-pages-parent-category":{"64":"ecommerce","61":"free"},"required-plugins":[{"slug":"checkout-plugins-stripe-woo","init":"checkout-plugins-stripe-woo\/checkout-plugins-stripe-woo.php","name":"Checkout Plugins - Stripe for WooCommerce"},{"slug":"elementor","init":"elementor\/elementor.php","name":"Elementor"},{"slug":"header-footer-elementor","init":"header-footer-elementor\/header-footer-elementor.php","name":"Elementor Header & Footer Builder"},{"slug":"variation-swatches-woo","init":"variation-swatches-woo\/variation-swatches-woo.php","name":"Variation Swatches for WooCommerce"},{"slug":"woocommerce","init":"woocommerce\/woocommerce.php","name":"WooCommerce"}]},"id-57351":{"title":"New Arrivals","featured-image-url":"https:\/\/websitedemos.net\/wp-content\/uploads\/2021\/08\/fashion-designer-boutique-02-new-arrivals-1.jpg","thumbnail-image-url":"https:\/\/websitedemos.net\/wp-content\/uploads\/2021\/08\/fashion-designer-boutique-02-new-arrivals-1.jpg","astra-page-api-url":"https:\/\/websitedemos.net\/fashion-designer-boutique-02\/wp-json\/wp\/v2\/pages\/677","dynamic-page":"no","astra-page-url":"\/\/websitedemos.net\/fashion-designer-boutique-02\/new-arrivals\/","astra-sites-tag":{"2326":"new-arrival"},"site-pages-type":"free","site-pages-page-builder":"elementor","site-pages-category":[],"site-pages-parent-category":{"64":"ecommerce","61":"free"},"required-plugins":[{"slug":"checkout-plugins-stripe-woo","init":"checkout-plugins-stripe-woo\/checkout-plugins-stripe-woo.php","name":"Checkout Plugins - Stripe for WooCommerce"},{"slug":"elementor","init":"elementor\/elementor.php","name":"Elementor"},{"slug":"header-footer-elementor","init":"header-footer-elementor\/header-footer-elementor.php","name":"Elementor Header & Footer Builder"},{"slug":"variation-swatches-woo","init":"variation-swatches-woo\/variation-swatches-woo.php","name":"Variation Swatches for WooCommerce"},{"slug":"woocommerce","init":"woocommerce\/woocommerce.php","name":"WooCommerce"}]},"id-57349":{"title":"Contact","featured-image-url":"https:\/\/websitedemos.net\/wp-content\/uploads\/2021\/08\/fashion-designer-boutique-02-contact-1.jpg","thumbnail-image-url":"https:\/\/websitedemos.net\/wp-content\/uploads\/2021\/08\/fashion-designer-boutique-02-contact-1.jpg","astra-page-api-url":"https:\/\/websitedemos.net\/fashion-designer-boutique-02\/wp-json\/wp\/v2\/pages\/500","dynamic-page":"no","astra-page-url":"\/\/websitedemos.net\/fashion-designer-boutique-02\/contact\/","astra-sites-tag":{"415":"contact"},"site-pages-type":"free","site-pages-page-builder":"elementor","site-pages-category":[],"site-pages-parent-category":{"64":"ecommerce","61":"free"},"required-plugins":[{"slug":"elementor","init":"elementor\/elementor.php","name":"Elementor"},{"slug":"header-footer-elementor","init":"header-footer-elementor\/header-footer-elementor.php","name":"Elementor Header & Footer Builder"},{"slug":"wpforms-lite","init":"wpforms-lite\/wpforms.php","name":"WPForms Lite"}]}},"related-bb-template":"","related-elementor-template":57346,"related-gutenberg-template":58561,"related_ecommerce_template":"","ecommerce_parent_template":""},"id-53589":{"title":"Beer Launch Landing Page","id":53589,"publish-date":1620419986,"featured-image-url":"https:\/\/websitedemos.net\/wp-content\/uploads\/2021\/05\/beer-launch-02.jpg","thumbnail-image-url":"https:\/\/websitedemos.net\/wp-content\/uploads\/2021\/05\/beer-launch-02.jpg","fullpage-thumbnail-image-url":"https:\/\/websitedemos.net\/wp-content\/uploads\/2021\/05\/beer-launch-02.jpg","astra-site-url":"\/\/websitedemos.net\/beer-launch-04","astra-site-parent-id":1959,"astra-sites-tag":{"1962":"beer","2016":"beer-launch-page","635":"brewery","1965":"drink","3416":"elementor","1964":"lager","850":"landing-page","399":"one-page","1844":"premium"},"astra-sites-type":"agency-mini","astra-site-category":{"27":"business","36":"other"},"astra-sites-template-category":{"2777":"business","2863":"landing-page","2771":"one-page"},"astra-site-page-builder":"elementor","categories":{"3427":"default","2927":"one-page","3429":"premium","2496":"restaurant-food"},"required-plugins":[{"slug":"elementor","init":"elementor\/elementor.php","name":"Elementor"}],"post-status":"publish","post-content":"<!-- wp:paragraph -->\n<p>The Beer Launch Landing Page template is a bright, happy template with a bright yellow header with a strong presence. It\u2019s a modern design with unusual fonts that help the homepage stand out, ideal for new brewers or breweries.<\/p>\n<!-- \/wp:paragraph -->\n\n<!-- wp:paragraph -->\n<p>The rest of the design includes relevant elements such as a timeline, product section, calls to action, a blog area and social media integrations. It\u2019s a very effective design that encourages you to read more and engage further.<\/p>\n<!-- \/wp:paragraph -->\n\n<!-- wp:heading -->\n<h2>Key features of the Beer Launch Landing Page template<\/h2>\n<!-- \/wp:heading -->\n\n<!-- wp:list -->\n<ul><li>Colorful web template for brewers, breweries and drinks companies<\/li><li>Unusual header font helps it stand out<\/li><li>Bright colors and high quality images add to the appeal<\/li><li>Well-designed product section for drinks<\/li><li>Full compatibility with leading page builders<\/li><\/ul>\n<!-- \/wp:list -->","post-excerpt":"Bright, happy web template ideal for brewers, breweries and artisan drinks companies","pages":{"id-53590":{"title":"Landing Page","featured-image-url":"https:\/\/websitedemos.net\/wp-content\/uploads\/2021\/05\/beer-launch-02.jpg","thumbnail-image-url":"https:\/\/websitedemos.net\/wp-content\/uploads\/2021\/05\/beer-launch-02.jpg","astra-page-api-url":"https:\/\/websitedemos.net\/beer-launch-04\/wp-json\/wp\/v2\/pages\/8","dynamic-page":"no","astra-page-url":"\/\/websitedemos.net\/beer-launch-04\/","astra-sites-tag":{"423":"home","850":"landing-page"},"site-pages-type":"agency-mini","site-pages-page-builder":"elementor","site-pages-category":[],"site-pages-parent-category":{"60":"business","139":"other"},"required-plugins":[{"slug":"elementor","init":"elementor\/elementor.php","name":"Elementor"}]}},"related-bb-template":"","related-elementor-template":53589,"related-gutenberg-template":86015,"related_ecommerce_template":"","ecommerce_parent_template":""},"id-51427":{"title":"Tech Startup","id":51427,"publish-date":1617132367,"featured-image-url":"https:\/\/websitedemos.net\/wp-content\/uploads\/2021\/03\/tech-startup-02-home.jpg","thumbnail-image-url":"https:\/\/websitedemos.net\/wp-content\/uploads\/2021\/03\/tech-startup-02-home.jpg","fullpage-thumbnail-image-url":"https:\/\/websitedemos.net\/wp-content\/uploads\/2021\/03\/tech-startup-02-home.jpg","astra-site-url":"\/\/websitedemos.net\/tech-startup-02","astra-site-parent-id":1885,"astra-sites-tag":{"1761":"application","3416":"elementor","745":"organization","1762":"software-company","1760":"software-firm","1665":"startup","1759":"tech-business","1763":"tech-startup"},"astra-sites-type":"free","astra-site-category":{"27":"business","39":"free"},"astra-sites-template-category":{"2787":"gym-fitness","2863":"landing-page","2881":"mobile-app","2779":"software-company","2817":"technology"},"astra-site-page-builder":"elementor","categories":{"2487":"agency","3435":"business","3427":"default","3428":"free","2499":"technology"},"required-plugins":[{"slug":"elementor","init":"elementor\/elementor.php","name":"Elementor"},{"slug":"wpforms-lite","init":"wpforms-lite\/wpforms.php","name":"WPForms Lite"}],"post-status":"publish","post-content":"<!-- wp:paragraph -->\n<p>The Tech Startup template is a flat, modern design with bright colors, bold fonts and plenty of whitespace. It\u2019s a great layout with fullscreen header setting out your stall and a simple navigation area with a bright download button.<\/p>\n<!-- \/wp:paragraph -->\n\n<!-- wp:paragraph -->\n<p>The homepage is light, easygoing but also interesting. You\u2019re encouraged to scroll down to learn more and presented with customizable content areas to outline your products or services and convert those visitors into customers. It\u2019s a very well designed theme!<\/p>\n<!-- \/wp:paragraph -->\n\n<!-- wp:heading -->\n<h2>Key features of the Tech Startup template<\/h2>\n<!-- \/wp:heading -->\n\n<!-- wp:list -->\n<ul><li>Well-designed flat theme suitable for any type of business<\/li><li>Excellent choice of colors and fonts<\/li><li>Great layout with borderless sections<\/li><li>Customizable content areas throughout<\/li><li>Full compatibility with leading page builders<\/li><\/ul>\n<!-- \/wp:list -->","post-excerpt":"Well-designed flat theme with lovely colors, suitable for any type of business","pages":{"id-47711":{"title":"Home","featured-image-url":"https:\/\/websitedemos.net\/wp-content\/uploads\/2021\/03\/tech-startup-02-home.jpg","thumbnail-image-url":"https:\/\/websitedemos.net\/wp-content\/uploads\/2021\/03\/tech-startup-02-home.jpg","astra-page-api-url":"https:\/\/websitedemos.net\/tech-startup-02\/wp-json\/wp\/v2\/pages\/7","dynamic-page":"no","astra-page-url":"\/\/websitedemos.net\/tech-startup-02\/","astra-sites-tag":{"423":"home"},"site-pages-type":"free","site-pages-page-builder":"elementor","site-pages-category":[],"site-pages-parent-category":{"60":"business","61":"free"},"required-plugins":[{"slug":"elementor","init":"elementor\/elementor.php","name":"Elementor"}]},"id-47709":{"title":"About Us","featured-image-url":"https:\/\/websitedemos.net\/wp-content\/uploads\/2021\/03\/tech-startup-02-about.jpg","thumbnail-image-url":"https:\/\/websitedemos.net\/wp-content\/uploads\/2021\/03\/tech-startup-02-about.jpg","astra-page-api-url":"https:\/\/websitedemos.net\/tech-startup-02\/wp-json\/wp\/v2\/pages\/92","dynamic-page":"no","astra-page-url":"\/\/websitedemos.net\/tech-startup-02\/about-us\/","astra-sites-tag":{"352":"about"},"site-pages-type":"free","site-pages-page-builder":"elementor","site-pages-category":[],"site-pages-parent-category":{"60":"business","61":"free"},"required-plugins":[{"slug":"elementor","init":"elementor\/elementor.php","name":"Elementor"}]},"id-47710":{"title":"Features","featured-image-url":"https:\/\/websitedemos.net\/wp-content\/uploads\/2021\/03\/tech-startup-02-features.jpg","thumbnail-image-url":"https:\/\/websitedemos.net\/wp-content\/uploads\/2021\/03\/tech-startup-02-features.jpg","astra-page-api-url":"https:\/\/websitedemos.net\/tech-startup-02\/wp-json\/wp\/v2\/pages\/132","dynamic-page":"no","astra-page-url":"\/\/websitedemos.net\/tech-startup-02\/features\/","astra-sites-tag":{"453":"features"},"site-pages-type":"free","site-pages-page-builder":"elementor","site-pages-category":[],"site-pages-parent-category":{"60":"business","61":"free"},"required-plugins":[{"slug":"elementor","init":"elementor\/elementor.php","name":"Elementor"}]},"id-47712":{"title":"Plans","featured-image-url":"https:\/\/websitedemos.net\/wp-content\/uploads\/2021\/03\/tech-startup-02-plans.jpg","thumbnail-image-url":"https:\/\/websitedemos.net\/wp-content\/uploads\/2021\/03\/tech-startup-02-plans.jpg","astra-page-api-url":"https:\/\/websitedemos.net\/tech-startup-02\/wp-json\/wp\/v2\/pages\/173","dynamic-page":"no","astra-page-url":"\/\/websitedemos.net\/tech-startup-02\/plans\/","astra-sites-tag":{"1663":"plan","585":"pricing"},"site-pages-type":"free","site-pages-page-builder":"elementor","site-pages-category":[],"site-pages-parent-category":{"60":"business","61":"free"},"required-plugins":[{"slug":"elementor","init":"elementor\/elementor.php","name":"Elementor"}]}},"related-bb-template":"","related-elementor-template":51427,"related-gutenberg-template":48671,"related_ecommerce_template":"","ecommerce_parent_template":""},"id-49287":{"title":"Food Truck","id":49287,"publish-date":1607968453,"featured-image-url":"https:\/\/websitedemos.net\/wp-content\/uploads\/2020\/12\/food-truck-04-new.jpg","thumbnail-image-url":"https:\/\/websitedemos.net\/wp-content\/uploads\/2020\/12\/food-truck-04-new-600x3140.jpg","fullpage-thumbnail-image-url":"https:\/\/websitedemos.net\/wp-content\/uploads\/2020\/12\/food-truck-04-new-400x2093.jpg","astra-site-url":"\/\/websitedemos.net\/food-truck-04","astra-site-parent-id":1806,"astra-sites-tag":{"3416":"elementor","1808":"food-truck","1810":"ice-cream-truck-2","1809":"ice-cream-truck","1844":"premium"},"astra-sites-type":"agency-mini","astra-site-category":{"27":"business"},"astra-sites-template-category":{"2777":"business","2785":"food","2876":"food-ordering","2771":"one-page","2776":"restaurant"},"astra-site-page-builder":"elementor","categories":{"3430":"dark","3427":"default","2927":"one-page","3429":"premium","2496":"restaurant-food"},"required-plugins":[{"slug":"elementor","init":"elementor\/elementor.php","name":"Elementor"},{"slug":"wpforms-lite","init":"wpforms-lite\/wpforms.php","name":"WPForms Lite"}],"post-status":"publish","post-content":"<!-- wp:paragraph -->\n<p>The Food Truck template is an awesome spectacle. It\u2019s a fullscreen design with a lovely green color and a high quality image of a food truck front and center. With an attractive menu section, product highlight area and a timeline, it\u2019s everything you need.<\/p>\n<!-- \/wp:paragraph -->\n\n<!-- wp:paragraph -->\n<p>The design is superb, with modern fonts that stand out from the background color. The homepage includes relevant sections for a food business including a very attractive menu section, a scheduler for opening, map and a short biography to tell your story. It\u2019s the only template you would ever need!<\/p>\n<!-- \/wp:paragraph -->\n\n<!-- wp:heading -->\n<h2>Key features of the Food Truck template<\/h2>\n<!-- \/wp:heading -->\n\n<!-- wp:list -->\n<ul><!-- wp:list-item -->\n<li>Colorful template that\u2019s perfect for food trucks and food businesses<\/li>\n<!-- \/wp:list-item -->\n\n<!-- wp:list-item -->\n<li>Fullscreen design that works on any screen size<\/li>\n<!-- \/wp:list-item -->\n\n<!-- wp:list-item -->\n<li>Attractive menu areas really stand out<\/li>\n<!-- \/wp:list-item -->\n\n<!-- wp:list-item -->\n<li>Customizable content sections throughout<\/li>\n<!-- \/wp:list-item -->\n\n<!-- wp:list-item -->\n<li>Full compatibility with leading page builders<\/li>\n<!-- \/wp:list-item --><\/ul>\n<!-- \/wp:list -->","post-excerpt":"Colorful template with awesome design that\u2019s ideal for food trucks and food businesses","pages":{"id-49288":{"title":"Home","featured-image-url":"https:\/\/websitedemos.net\/wp-content\/uploads\/2020\/12\/food-truck-04-new.jpg","thumbnail-image-url":"https:\/\/websitedemos.net\/wp-content\/uploads\/2020\/12\/food-truck-04-new-600x3140.jpg","astra-page-api-url":"https:\/\/websitedemos.net\/food-truck-04\/wp-json\/wp\/v2\/pages\/4","dynamic-page":"no","astra-page-url":"\/\/websitedemos.net\/food-truck-04\/","astra-sites-tag":{"423":"home"},"site-pages-type":"agency-mini","site-pages-page-builder":"elementor","site-pages-category":[],"site-pages-parent-category":{"60":"business"},"required-plugins":[{"slug":"elementor","init":"elementor\/elementor.php","name":"Elementor"},{"slug":"wpforms-lite","init":"wpforms-lite\/wpforms.php","name":"WPForms Lite"}]}},"related-bb-template":"","related-elementor-template":49287,"related-gutenberg-template":85908,"related_ecommerce_template":"","ecommerce_parent_template":""},"id-49449":{"title":"Vlogger","id":49449,"publish-date":1608733132,"featured-image-url":"https:\/\/websitedemos.net\/wp-content\/uploads\/2020\/12\/vlogger-02-home.jpg","thumbnail-image-url":"https:\/\/websitedemos.net\/wp-content\/uploads\/2020\/12\/vlogger-02-home.jpg","fullpage-thumbnail-image-url":"https:\/\/websitedemos.net\/wp-content\/uploads\/2020\/12\/vlogger-02-home.jpg","astra-site-url":"\/\/websitedemos.net\/vlogger-02","astra-site-parent-id":1836,"astra-sites-tag":{"1840":"cameraman","1841":"cinematographer","3416":"elementor","1842":"film-maker","399":"one-page","1718":"onepage","1839":"video-creator","1837":"vlogger","1838":"youtuber"},"astra-sites-type":"free","astra-site-category":{"27":"business","39":"free"},"astra-sites-template-category":{"2810":"freelance","2771":"one-page","2770":"personal","2801":"video"},"astra-site-page-builder":"elementor","categories":{"2497":"blog","3427":"default","3428":"free","2927":"one-page","2488":"portfolio","2926":"video"},"required-plugins":[{"slug":"elementor","init":"elementor\/elementor.php","name":"Elementor"},{"slug":"wpforms-lite","init":"wpforms-lite\/wpforms.php","name":"WPForms Lite"}],"post-status":"publish","post-content":"<!-- wp:paragraph -->\n<p>The Vlogger template uses a compelling portfolio layout that could be easily customized for any creative. It uses a full width header image with bold header and modern light fonts. It\u2019s a very engaging start to what is an excellent design.<\/p>\n<!-- \/wp:paragraph -->\n\n<!-- wp:paragraph -->\n<p>The homepage includes flexible content areas outlining the contents, biography, social media links, videos, timeline and a contact form. Some great colors, well-chosen fonts and subtle graphics elevates this template well above the norm.<\/p>\n<!-- \/wp:paragraph -->\n\n<!-- wp:heading {\"UAGDay\":[]} -->\n<h2 class=\"wp-block-heading\">Key features of the Vlogger template<\/h2>\n<!-- \/wp:heading -->\n\n<!-- wp:list -->\n<ul><!-- wp:list-item -->\n<li>Compelling portfolio template ideal for vloggers and creatives<\/li>\n<!-- \/wp:list-item -->\n\n<!-- wp:list-item -->\n<li>Areas for biography, timeline and portfolio<\/li>\n<!-- \/wp:list-item -->\n\n<!-- wp:list-item -->\n<li>Well-chosen fonts complement strong images<\/li>\n<!-- \/wp:list-item -->\n\n<!-- wp:list-item -->\n<li>Customizable content areas throughout<\/li>\n<!-- \/wp:list-item -->\n\n<!-- wp:list-item -->\n<li>Full compatibility with leading page builders<\/li>\n<!-- \/wp:list-item --><\/ul>\n<!-- \/wp:list -->","post-excerpt":"Fresh, compelling website template ideal for vloggers and any type of creative","pages":{"id-49450":{"title":"Home","featured-image-url":"https:\/\/websitedemos.net\/wp-content\/uploads\/2020\/12\/vlogger-02-home.jpg","thumbnail-image-url":"https:\/\/websitedemos.net\/wp-content\/uploads\/2020\/12\/vlogger-02-home.jpg","astra-page-api-url":"https:\/\/websitedemos.net\/vlogger-02\/wp-json\/wp\/v2\/pages\/6","dynamic-page":"no","astra-page-url":"\/\/websitedemos.net\/vlogger-02\/","astra-sites-tag":{"423":"home","399":"one-page"},"site-pages-type":"free","site-pages-page-builder":"elementor","site-pages-category":[],"site-pages-parent-category":{"60":"business","61":"free"},"required-plugins":[{"slug":"elementor","init":"elementor\/elementor.php","name":"Elementor"},{"slug":"wpforms-lite","init":"wpforms-lite\/wpforms.php","name":"WPForms Lite"}]}},"related-bb-template":"","related-elementor-template":"","related-gutenberg-template":"","related_ecommerce_template":"","ecommerce_parent_template":""},"id-51409":{"title":"Webinar","id":51409,"publish-date":1617130542,"featured-image-url":"https:\/\/websitedemos.net\/wp-content\/uploads\/2021\/03\/webinar-02-home.jpg","thumbnail-image-url":"https:\/\/websitedemos.net\/wp-content\/uploads\/2021\/03\/webinar-02-home.jpg","fullpage-thumbnail-image-url":"https:\/\/websitedemos.net\/wp-content\/uploads\/2021\/03\/webinar-02-home.jpg","astra-site-url":"\/\/websitedemos.net\/webinar-02","astra-site-parent-id":1883,"astra-sites-tag":{"3416":"elementor","850":"landing-page","1892":"webinar","1894":"webinar-registration-page"},"astra-sites-type":"free","astra-site-category":{"27":"business","39":"free"},"astra-sites-template-category":{"2777":"business","2811":"conference","2784":"event","2863":"landing-page","2771":"one-page","2801":"video","2870":"vlog"},"astra-site-page-builder":"elementor","categories":{"3427":"default","2489":"event-invitation","3428":"free","2927":"one-page"},"required-plugins":[{"slug":"elementor","init":"elementor\/elementor.php","name":"Elementor"},{"slug":"wpforms-lite","init":"wpforms-lite\/wpforms.php","name":"WPForms Lite"}],"post-status":"publish","post-content":"<!-- wp:paragraph -->\n<p>The Webinar template is a light and welcoming landing page ideal for seminars, webinars and other types of presentation or meeting. It\u2019s a light, modern design with the who, what, when and where above the fold and space for everything else beneath.&nbsp;<\/p>\n<!-- \/wp:paragraph -->\n\n<!-- wp:paragraph -->\n<p>The page uses a reassuring blue color but can be customized with any color, font and layout. It\u2019s fully responsive and compatible with leading page builders, so you can personalize the Webinar template however you like. It\u2019s a well-designed theme ideal for many types of landing pages!<\/p>\n<!-- \/wp:paragraph -->\n\n<!-- wp:heading {\"UAGDay\":[]} -->\n<h2 class=\"wp-block-heading\">Key features of the Webinar template<\/h2>\n<!-- \/wp:heading -->\n\n<!-- wp:list -->\n<ul><!-- wp:list-item -->\n<li>Well-designed webinar landing page template<\/li>\n<!-- \/wp:list-item -->\n\n<!-- wp:list-item -->\n<li>Modern design with lots of whitespace<\/li>\n<!-- \/wp:list-item -->\n\n<!-- wp:list-item -->\n<li>Can be fully customized to suit any brand<\/li>\n<!-- \/wp:list-item -->\n\n<!-- wp:list-item -->\n<li>Key information is all above the fold<\/li>\n<!-- \/wp:list-item -->\n\n<!-- wp:list-item -->\n<li>Fully compatible with leading page builders<\/li>\n<!-- \/wp:list-item --><\/ul>\n<!-- \/wp:list -->","post-excerpt":"Modern Webinar landing page template with all the characteristics you need","pages":{"id-51410":{"title":"Home","featured-image-url":"https:\/\/websitedemos.net\/wp-content\/uploads\/2021\/03\/webinar-02-home.jpg","thumbnail-image-url":"https:\/\/websitedemos.net\/wp-content\/uploads\/2021\/03\/webinar-02-home.jpg","astra-page-api-url":"https:\/\/websitedemos.net\/webinar-02\/wp-json\/wp\/v2\/pages\/10","dynamic-page":"no","astra-page-url":"\/\/websitedemos.net\/webinar-02\/","astra-sites-tag":{"850":"landing-page","1892":"webinar"},"site-pages-type":"free","site-pages-page-builder":"elementor","site-pages-category":[],"site-pages-parent-category":{"60":"business","61":"free"},"required-plugins":[{"slug":"elementor","init":"elementor\/elementor.php","name":"Elementor"},{"slug":"wpforms-lite","init":"wpforms-lite\/wpforms.php","name":"WPForms Lite"}]}},"related-bb-template":"","related-elementor-template":51409,"related-gutenberg-template":70987,"related_ecommerce_template":"","ecommerce_parent_template":""}}